Date,Open,High,Low,Close,Volume,InterestRate,ExchangeRate,VIX,TEDSpread,EFFR,Gold,Oil
2019-10-01,33.10333252,33.11000061,32.67666626,32.86333466,1701300,1.83,1.0932,18.56,0.31,1.88,1482.0,53.61999893
2019-10-02,32.6166687,32.65000153,31.87666702,31.91333389,2569800,1.83,1.0951,20.56,0.31,1.85,1501.0,52.63999939
2019-10-03,31.84333229,32.39333344,31.76666641,32.38000107,1339800,1.83,1.0991,19.12,0.37,1.83,1507.09997559,52.45000076
2019-10-04,32.46333313,33.11333466,32.45999908,33.07666779,1627200,1.83,1.0974,17.04,0.35,1.82,1506.19995117,52.81000137
2019-10-07,32.96666718,33.28666687,32.68333435,33.00333405,1974000,1.83,1.0984,17.86,0.3,1.82,1497.69995117,52.75
2019-10-08,32.88000107,32.88000107,32.29333115,32.36000061,2190300,1.83,1.0949,20.28,0.33,1.82,1497.19995117,52.63000107
2019-10-09,32.6566658,32.75333405,32.29666519,32.44333267,1741500,1.83,1.0978,18.64,0.32,1.82,1506.09997559,52.59000015
2019-10-10,32.45666885,32.97000122,32.34000015,32.85333252,1544100,1.83,1.1018,17.57,0.34,1.82,1494.80004883,53.54999924
2019-10-11,33.25,33.27666855,32.74666595,33.10333252,2284800,1.83,1.1039,15.58,0.35,1.82,1482.69995117,54.70000076
2019-10-14,33.12666702,33.22000122,32.74666595,32.78333282,1395900,1.83,1.1039,14.57,0.35,1.82,1491.69995117,53.59000015
2019-10-15,32.86000061,33.00666809,32.5933342,32.63999939,1523100,1.83,1.1036,13.54,0.36,1.9,1477.59997559,52.81000137
2019-10-16,32.53666687,32.74666595,32.14333344,32.6866684,2901900,1.83,1.1075,13.68,0.37,1.9,1488.0,53.36000061
2019-10-17,32.68000031,32.82333374,32.55666733,32.77666855,3306000,1.83,1.1129,13.79,0.34,1.85,1492.30004883,53.93000031
2019-10-18,32.79333115,33.01666641,32.54999924,32.87333298,2030700,1.83,1.1155,14.25,0.32,1.85,1488.19995117,53.77999878
2019-10-21,33.08333206,33.08333206,32.52999878,32.72000122,1975500,1.83,1.1145,14.0,0.29,1.85,1482.40002441,53.31000137
2019-10-22,32.6866684,32.93000031,32.20666885,32.61999893,3185100,1.83,1.1138,14.46,0.32,1.85,1481.69995117,54.15999985
2019-10-23,33.24333191,33.85333252,32.73333359,33.77000046,4095300,1.83,1.1118,14.01,0.32,1.85,1489.90002441,55.97000122
2019-10-24,34.0,34.0,33.42333221,33.66333389,2118900,1.83,1.1098,13.71,0.3,1.85,1498.90002441,56.22999954
2019-10-25,33.30333328,33.49666595,32.47333145,32.81000137,3066000,1.83,1.1081,12.65,0.3,1.83,1499.5,56.65999985
2019-10-28,32.88999939,33.02666855,32.71666718,32.90999985,1869600,1.83,1.1094,13.11,0.32,1.83,1490.0,55.81000137
2019-10-29,32.80333328,33.39666748,32.70666885,32.88000107,1338600,1.83,1.1117,13.2,0.33,1.82,1487.0,55.54000092
2019-10-30,32.89666748,33.46333313,32.70999908,33.35333252,1435500,1.83,1.1123,12.33,0.32,1.82,1493.19995117,55.06000137
2019-10-31,33.24666595,33.40999985,32.99000168,33.25666809,1620600,1.83,1.1155,13.22,0.39,1.58,1511.40002441,54.18000031
2019-11-01,33.48666763,33.48666763,32.88999939,33.07666779,1630800,1.55,1.1169,12.3,0.4,1.57,1508.0,56.20000076
2019-11-04,33.24333191,33.25999832,32.8433342,32.86333466,1659600,1.55,1.1144,12.83,0.41,1.56,1508.0,56.54000092
2019-11-05,32.97333145,33.02000046,32.6333313,32.80666733,1554900,1.55,1.107,13.1,0.36,1.56,1480.80004883,57.22999954
2019-11-06,32.72000122,33.36000061,32.65999985,33.30666733,2034600,1.55,1.1076,12.62,0.37,1.55,1490.19995117,56.34999847
2019-11-07,33.47999954,33.55666733,33.05333328,33.50999832,2877900,1.55,1.1045,12.73,0.37,1.55,1464.19995117,57.15000153
2019-11-08,33.4366684,33.75333405,33.38666534,33.55333328,2759100,1.55,1.1019,12.07,0.38,1.55,1461.30004883,57.24000168
2019-11-11,33.45666885,34.19333267,33.4066658,34.17666626,2475900,1.55,1.1019,12.69,0.38,1.55,1455.5,56.86000061
2019-11-12,34.20999908,34.20999908,33.76666641,34.15000153,2428200,1.55,1.1017,12.68,0.35,1.55,1452.09997559,56.79999924
2019-11-13,34.01666641,34.58333206,33.74666595,34.42333221,2417100,1.55,1.1004,13.0,0.37,1.55,1461.69995117,57.11999893
2019-11-14,34.42333221,34.4366684,34.13000107,34.41999817,2413800,1.55,1.1016,13.05,0.36,1.55,1471.80004883,56.77000046
2019-11-15,34.36999893,34.71666718,34.27666855,34.52999878,7791600,1.55,1.1046,12.05,0.36,1.55,1467.30004883,57.72000122
2019-11-18,34.5933342,34.89333344,34.50666809,34.8666687,2916600,1.55,1.1079,12.46,0.36,1.55,1470.90002441,57.04999924
2019-11-19,34.93333435,35.08000183,34.5933342,35.0233345,2664600,1.55,1.1075,12.86,0.35,1.55,1473.30004883,55.20999908
2019-11-20,34.99333191,35.27000046,34.92666626,35.23333359,2091300,1.55,1.1063,12.78,0.36,1.55,1473.30004883,57.11000061
2019-11-21,35.32333374,35.40999985,34.82333374,34.91333389,2324700,1.55,1.1067,13.13,0.36,1.55,1463.09997559,58.58000183
2019-11-22,34.85333252,35.00999832,34.47333145,34.79000092,2136300,1.55,1.1029,12.34,0.37,1.55,1463.09997559,57.77000046
2019-11-25,34.93000031,35.00666809,34.71666718,34.88000107,2301900,1.55,1.1009,11.87,0.34,1.55,1456.59997559,58.00999832
2019-11-26,34.9366684,35.0633316,34.79333115,34.94333267,1605000,1.55,1.1012,11.54,0.34,1.55,1459.80004883,58.40999985
2019-11-27,35.18000031,35.18000031,34.60333252,34.75,4970100,1.55,1.1002,11.75,0.32,1.55,1453.40002441,58.11000061
2019-11-28,35.18000031,35.18000031,34.60333252,34.75,4970100,1.55,1.1002,11.75,0.32,1.55,1453.40002441,58.11000061
2019-11-29,34.67333221,34.95666885,34.58333206,34.93333435,794100,1.55,1.1019,12.62,0.35,1.56,1465.59997559,55.16999817
2019-12-01,34.67333221,34.95666885,34.58333206,34.93333435,794100,1.55,1.1019,12.62,0.35,1.56,1465.59997559,55.16999817
2019-12-02,34.88999939,34.92333221,34.58666611,34.81999969,1657500,1.55,1.1075,14.91,0.33,1.56,1462.30004883,55.95999908
2019-12-03,34.65333176,34.99666595,34.65333176,34.82666779,1662600,1.55,1.1089,15.96,0.35,1.55,1478.19995117,56.09999847
2019-12-04,34.84000015,35.20999908,34.77000046,35.06999969,1812000,1.55,1.1076,14.8,0.37,1.55,1474.0,58.43000031
2019-12-05,35.12333298,35.1333313,34.80333328,34.88999939,1796400,1.55,1.1104,14.52,0.38,1.55,1476.90002441,58.43000031
2019-12-06,35.00666809,35.20666885,34.89666748,35.07666779,1805100,1.55,1.1052,13.62,0.39,1.55,1459.09997559,59.20000076
2019-12-09,35.00333405,35.03666687,34.78666687,34.88000107,1455300,1.55,1.1067,15.86,0.38,1.55,1459.30004883,59.02000046
2019-12-10,34.84666824,34.91999817,34.76333237,34.86999893,2181000,1.55,1.109,15.68,0.36,1.55,1462.59997559,59.24000168
2019-12-11,34.8433342,34.99000168,34.59999847,34.63000107,1740300,1.55,1.1092,14.99,0.35,1.55,1469.40002441,58.75999832
2019-12-12,34.53333282,34.82666779,34.40333176,34.70999908,1253100,1.55,1.1115,13.94,0.36,1.55,1466.69995117,59.18000031
2019-12-13,34.6166687,34.84666824,34.49000168,34.82666779,1493700,1.55,1.1128,12.63,0.36,1.55,1475.59997559,60.06999969
2019-12-16,35.05666733,35.57333374,35.0233345,35.06666565,2221800,1.55,1.1139,12.14,0.36,1.56,1475.0,60.20999908
2019-12-17,35.1866684,35.43000031,34.95999908,35.33333206,2101500,1.55,1.1148,12.29,0.37,1.55,1474.59997559,60.93999863
2019-12-18,35.42333221,35.54000092,35.21666718,35.30666733,1338300,1.55,1.1113,12.58,0.38,1.55,1472.59997559,60.93000031
2019-12-19,35.44666672,35.78666687,35.3666687,35.67333221,2531100,1.55,1.1128,12.5,0.39,1.55,1478.19995117,61.22000122
2019-12-20,35.91333389,36.0,35.59000015,35.8666687,2583600,1.55,1.1076,12.51,0.38,1.55,1474.69995117,60.43999863
2019-12-23,35.87666702,35.96666718,35.67666626,35.72333145,1544400,1.55,1.1091,12.61,0.39,1.55,1482.5,60.52000046
2019-12-24,35.69333267,35.80666733,35.47333145,35.5633316,917100,1.55,1.1084,12.67,0.41,1.55,1499.09997559,61.11000061
2019-12-25,35.69333267,35.80666733,35.47333145,35.5633316,917100,1.55,1.1084,12.67,0.41,1.55,1499.09997559,61.11000061
2019-12-26,35.5933342,35.93333435,35.5933342,35.93000031,723600,1.55,1.1102,12.65,0.41,1.55,1509.30004883,61.68000031
2019-12-27,35.97333145,36.0933342,35.84666824,35.99666595,1396500,1.55,1.1174,13.43,0.4,1.55,1513.80004883,61.72000122
2019-12-30,36.04000092,36.04000092,35.61000061,35.67333221,1137900,1.55,1.1217,14.82,0.37,1.55,1514.5,61.68000031
2019-12-31,35.68000031,35.85333252,35.55333328,35.70000076,926400,1.55,1.1227,13.78,0.37,1.55,1519.5,61.06000137
2020-01-01,35.68000031,35.85333252,35.55333328,35.70000076,926400,1.55,1.1227,13.78,0.37,1.55,1519.5,61.06000137
2020-01-02,35.75333405,35.98666763,35.72333145,35.93999863,1923900,1.55,1.1166,12.47,0.39,1.55,1524.5,61.18000031
2020-01-03,35.65999985,36.15999985,35.58000183,36.0933342,2164800,1.55,1.1173,14.02,0.38,1.55,1549.19995117,63.04999924
2020-01-06,35.93000031,36.08666611,35.63000107,36.06999969,2155200,1.55,1.1187,13.85,0.34,1.55,1566.19995117,63.27000046
2020-01-07,36.0,36.08666611,35.46333313,35.47333145,1673100,1.55,1.1138,13.79,0.37,1.55,1571.80004883,62.70000076
2020-01-08,35.50333405,35.65333176,35.08000183,35.27666855,3501000,1.55,1.1117,13.45,0.32,1.55,1557.40002441,59.61000061
2020-01-09,35.42333221,35.96333313,35.33000183,35.78333282,1590000,1.55,1.1106,12.54,0.34,1.55,1551.69995117,59.56000137
2020-01-10,35.91666794,35.95000076,35.5933342,35.61333466,1281900,1.55,1.1119,12.56,0.33,1.54,1557.5,59.04000092
2020-01-13,35.66666794,35.8433342,35.61000061,35.69666672,1184400,1.55,1.1138,12.32,0.29,1.54,1548.40002441,58.08000183
2020-01-14,35.75333405,35.75333405,35.44333267,35.51666641,2115600,1.55,1.113,12.39,0.3,1.54,1542.40002441,58.22999954
2020-01-15,35.46666718,36.06999969,35.46666718,35.95333481,1869600,1.55,1.116,12.42,0.3,1.54,1552.09997559,57.81000137
2020-01-16,36.1866684,36.21333313,35.92666626,36.10333252,3255900,1.55,1.1131,12.32,0.31,1.54,1549.0,58.52000046
2020-01-17,36.15333176,36.45666885,36.00999832,36.4366684,2372400,1.55,1.1093,12.1,0.29,1.55,1558.80004883,58.54000092
2020-01-20,36.15333176,36.45666885,36.00999832,36.4366684,2372400,1.55,1.1093,12.1,0.29,1.55,1558.80004883,58.54000092
2020-01-21,36.37333298,36.71666718,36.32333374,36.41666794,2201400,1.55,1.1096,12.85,0.28,1.55,1556.40002441,58.34000015
2020-01-22,36.45999908,36.48333359,36.07333374,36.38000107,1757700,1.55,1.1085,12.91,0.28,1.55,1555.30004883,56.74000168
2020-01-23,36.34999847,36.56000137,36.15999985,36.54333115,1449600,1.55,1.1041,12.98,0.27,1.55,1564.59997559,55.59000015
2020-01-24,36.55333328,36.76333237,36.41333389,36.73666763,2087700,1.55,1.1026,14.56,0.29,1.55,1571.09997559,54.18999863
2020-01-27,36.37666702,36.75999832,36.33333206,36.5933342,2938800,1.55,1.1019,18.23,0.25,1.55,1576.80004883,53.13999939
2020-01-28,36.61000061,37.19666672,36.59999847,37.04666519,3175800,1.55,1.1008,16.28,0.23,1.55,1569.19995117,53.47999954
2020-01-29,37.3833313,38.59000015,36.58666611,38.44666672,3825300,1.55,1.1004,16.39,0.25,1.55,1569.80004883,53.33000183
2020-01-30,38.41666794,38.70666885,37.79999924,38.65333176,2971200,1.55,1.1032,15.49,0.22,1.6,1583.5,52.13999939
2020-01-31,38.6166687,38.93333435,38.51666641,38.81999969,2736900,1.55,1.1082,18.84,0.23,1.59,1582.90002441,51.56000137
2020-02-01,38.6166687,38.93333435,38.51666641,38.81999969,2736900,1.58,1.1082,18.84,0.23,1.59,1582.90002441,51.56000137
2020-02-03,39.0933342,39.63000107,39.00999832,39.26333237,2156400,1.58,1.1062,17.97,0.2,1.59,1577.19995117,50.11000061
2020-02-04,39.64666748,40.07666779,39.48666763,39.55666733,2600100,1.58,1.1043,16.05,0.2,1.59,1550.40002441,49.61000061
2020-02-05,39.74666595,39.75,38.6333313,38.82333374,3060600,1.58,1.1006,15.15,0.2,1.59,1557.80004883,50.75
2020-02-06,39.06999969,39.07666779,38.50999832,38.6166687,2731800,1.58,1.0979,14.96,0.19,1.59,1565.09997559,50.95000076
2020-02-07,38.6566658,38.76666641,38.08000183,38.11000061,2878200,1.58,1.095,15.47,0.2,1.58,1568.59997559,50.31999969
2020-02-10,38.04000092,38.6166687,38.00333405,38.57666779,2823900,1.58,1.0916,15.04,0.16,1.58,1574.69995117,49.56999969
2020-02-11,38.57333374,38.89333344,38.2266655,38.26666641,1389000,1.58,1.0917,15.18,0.17,1.58,1565.59997559,49.93999863
2020-02-12,38.29999924,38.35333252,37.64666748,38.02000046,1747800,1.58,1.0893,13.74,0.15,1.58,1567.40002441,51.16999817
2020-02-13,38.05666733,38.29999924,37.98333359,38.1333313,1229400,1.58,1.0848,14.15,0.13,1.58,1575.09997559,51.41999817
2020-02-14,38.21333313,38.75,38.21333313,38.73333359,1591200,1.58,1.0839,13.68,0.14,1.58,1582.69995117,52.04999924
2020-02-17,38.21333313,38.75,38.21333313,38.73333359,1591200,1.58,1.0839,13.68,0.14,1.58,1582.69995117,52.04999924
2020-02-18,37.83333206,38.72000122,37.70999908,38.55666733,3255300,1.58,1.0815,14.83,0.14,1.59,1600.0,52.04999924
2020-02-19,38.6566658,39.11000061,38.40000153,38.42333221,2179200,1.58,1.0794,14.38,0.15,1.59,1607.5,53.29000092
2020-02-20,38.51666641,38.59999847,37.7733345,38.16333389,2076900,1.58,1.0797,15.56,0.13,1.59,1616.59997559,53.77999878
2020-02-21,38.08000183,38.48333359,37.99666595,38.39333344,7581600,1.58,1.0855,17.08,0.15,1.58,1644.59997559,53.38000107
2020-02-24,37.61333466,38.47333145,37.46333313,38.24666595,3653400,1.58,1.0857,25.03,0.15,1.58,1672.40002441,51.43000031
2020-02-25,38.30333328,38.43999863,37.28333282,37.47000122,2890800,1.58,1.0868,27.85,0.14,1.58,1646.90002441,49.90000153
2020-02-26,37.49000168,38.22000122,37.49000168,37.67333221,2844300,1.58,1.0887,27.56,0.11,1.58,1640.0,48.72999954
2020-02-27,37.33333206,37.50333405,35.7733345,35.81666565,4027500,1.58,1.0977,39.16,0.16,1.58,1640.0,47.09000015
2020-02-28,35.07666779,35.15000153,33.49000168,34.18333435,6843000,1.58,1.1001,40.11,0.21,1.58,1564.09997559,44.75999832
2020-03-01,35.07666779,35.15000153,33.49000168,34.18333435,6843000,0.65,1.1001,40.11,0.21,1.58,1564.09997559,44.75999832
2020-03-02,34.33333206,36.78333282,34.33333206,36.70666885,3792300,0.65,1.1164,33.42,0.15,1.59,1592.30004883,46.75
2020-03-03,36.91333389,38.0233345,36.37666702,36.68999863,3951600,0.65,1.1175,36.82,0.38,1.59,1642.09997559,47.18000031
2020-03-04,37.38999939,38.84999847,36.83333206,38.79000092,3619500,0.65,1.113,31.99,0.29,1.09,1641.09997559,46.77999878
2020-03-05,37.5233345,38.19666672,37.19666672,38.03333282,4935300,0.65,1.1202,39.62,0.39,1.09,1666.40002441,45.90000153
2020-03-06,36.95666885,37.43000031,35.88999939,36.83333206,3780000,0.65,1.1319,41.94,0.45,1.09,1670.80004883,41.27999878
2020-03-09,34.24000168,36.13999939,34.15333176,35.24000168,4302600,0.65,1.142,54.46,0.45,1.09,1674.5,31.12999916
2020-03-10,36.10666656,36.26333237,34.06666565,34.90000153,5967000,0.65,1.1342,47.3,0.35,1.09,1659.09997559,34.36000061
2020-03-11,33.95333481,33.98666763,32.59666824,33.10666656,5482200,0.65,1.128,53.9,0.36,1.09,1641.40002441,32.97999954
2020-03-12,30.4766674,31.10666656,29.43333244,29.54333305,5299800,0.65,1.1081,75.47,0.41,1.1,1589.30004883,31.5
2020-03-13,31.04999924,32.12333298,28.57333374,32.01666641,5042700,0.65,1.1066,57.83,0.57,1.1,1515.69995117,31.72999954
2020-03-16,29.0,30.92666626,27.78333282,28.43666649,4251600,0.65,1.1139,82.69,0.65,0.25,1485.90002441,28.70000076
2020-03-17,29.15666771,31.95999908,29.0,31.67666626,6676200,0.65,1.0971,75.91,0.86,0.25,1524.90002441,26.95000076
2020-03-18,30.14666748,31.82999992,29.71666718,30.5233326,6797400,0.65,1.0833,76.45,1.1,0.25,1477.30004883,20.37000084
2020-03-19,30.59000015,30.86666679,28.50666618,29.33333206,5260500,0.65,1.0699,72.0,1.16,0.2,1478.59997559,25.21999931
2020-03-20,29.94000053,29.94000053,26.55666733,26.83333206,6484500,0.65,1.0682,66.04,1.15,0.15,1484.0,22.43000031
2020-03-23,26.85666656,26.85666656,23.88666725,24.28666687,5381700,0.65,1.076,61.59,1.2,0.15,1567.0,23.36000061
2020-03-24,25.63666725,27.72999954,25.46333313,27.66333389,5926200,0.65,1.0794,61.67,1.22,0.12,1660.19995117,24.01000023
2020-03-25,27.66333389,30.34000015,27.42666626,28.98666763,5907300,0.65,1.0835,63.95,1.31,0.1,1632.30004883,24.48999977
2020-03-26,29.35000038,32.02999878,29.35000038,31.2733326,5097900,0.65,1.1025,61.0,1.42,0.1,1650.09997559,22.60000038
2020-03-27,30.01333237,31.81333351,29.76000023,30.92666626,3381900,0.65,1.1059,65.54,1.42,0.1,1623.90002441,21.51000023
2020-03-30,31.34333229,33.27666855,30.93666649,33.14666748,4312200,0.65,1.1018,57.08,1.31,0.09,1622.0,20.09000015
2020-03-31,33.17333221,33.46666718,31.52666664,31.64999962,4547100,0.65,1.1016,53.54,1.34,0.08,1583.40002441,20.47999954
2020-04-01,30.04000092,31.09666634,30.0,30.75666618,3176400,0.05,1.0934,57.06,1.35,0.06,1578.19995117,20.30999947
2020-04-02,30.68333244,31.48333359,30.11000061,31.31999969,3711300,0.05,1.0862,50.91,1.28,0.05,1625.69995117,25.31999969
2020-04-03,31.51000023,31.97333336,31.19000053,31.73999977,2555700,0.05,1.0797,46.8,1.29,0.05,1633.69995117,28.34000015
2020-04-06,33.29666519,34.09000015,32.68999863,33.86333466,2750400,0.05,1.0808,45.24,1.2,0.05,1677.0,26.07999992
2020-04-07,34.9066658,35.70333481,33.4066658,33.64666748,3376500,0.05,1.0886,46.7,1.18,0.05,1664.80004883,23.62999916
2020-04-08,33.8433342,34.9366684,33.74333191,34.70999908,2234700,0.05,1.0864,43.35,1.09,0.05,1665.40002441,25.09000015
2020-04-09,34.92666626,36.19666672,34.92666626,35.97333145,2221800,0.05,1.0931,41.67,0.97,0.05,1736.19995117,22.76000023
2020-04-10,34.92666626,36.19666672,34.92666626,35.97333145,2221800,0.05,1.0951,41.67,0.97,0.05,1736.19995117,22.76000023
2020-04-13,35.09666824,35.66333389,34.22333145,34.43000031,2416800,0.05,1.0906,41.17,0.97,0.05,1744.80004883,22.40999985
2020-04-14,35.21666718,35.95999908,34.75666809,35.85333252,4153200,0.05,1.0971,37.76,0.98,0.05,1756.69995117,20.11000061
2020-04-15,35.36999893,36.03666687,34.86999893,35.33333206,2489700,0.05,1.0909,40.84,0.99,0.05,1727.19995117,19.87000084
2020-04-16,35.63000107,36.31000137,35.5,36.10333252,2168100,0.05,1.084,40.11,1.0,0.05,1720.40002441,19.87000084
2020-04-17,37.03333282,37.30333328,36.45999908,37.08000183,2321400,0.05,1.0883,38.15,0.99,0.05,1689.19995117,18.27000046
2020-04-20,36.59000015,36.95999908,36.25333405,36.5933342,2768400,0.05,1.0874,43.83,0.98,0.05,1701.59997559,-37.63000107
2020-04-21,35.9066658,36.28666687,34.91999817,35.09000015,2905200,0.05,1.0854,45.41,0.93,0.05,1678.19995117,10.01000023
2020-04-22,36.16666794,36.16666794,34.26666641,34.87666702,4088100,0.05,1.0829,41.98,0.9,0.05,1728.69995117,13.77999973
2020-04-23,35.6566658,35.6566658,34.2733345,34.6166687,2715300,0.05,1.0815,41.38,0.88,0.04,1733.30004883,16.5
2020-04-24,34.92333221,35.25,34.32333374,35.20999908,2530800,0.05,1.0798,35.93,0.77,0.05,1723.5,16.94000053
2020-04-27,35.70333481,37.29666519,35.66666794,37.20999908,2767800,0.05,1.0829,33.29,0.72,0.04,1711.90002441,12.77999973
2020-04-28,37.8433342,38.13999939,36.8833313,37.06999969,3018600,0.05,1.0836,33.57,0.65,0.04,1710.5,12.34000015
2020-04-29,37.58333206,37.74333191,37.07333374,37.20000076,2481000,0.05,1.0853,31.23,0.59,0.04,1703.40002441,15.06000042
2020-04-30,36.25,37.04666519,36.10666656,36.55666733,2081400,0.05,1.0934,34.15,0.47,0.05,1684.19995117,18.84000015
2020-05-01,35.66666794,35.84666824,35.27666855,35.54000092,2192100,0.05,1.0998,37.19,0.42,0.05,1694.5,19.78000069
2020-05-04,35.27000046,35.54333115,34.79333115,35.37666702,2168100,0.05,1.0911,35.97,0.37,0.05,1706.90002441,20.38999939
2020-05-05,35.84666824,36.49333191,35.3133316,36.27666855,2899500,0.05,1.0844,33.61,0.34,0.05,1704.40002441,24.55999947
2020-05-06,36.59000015,36.59000015,35.20000076,35.20999908,2130600,0.05,1.0806,34.12,0.33,0.05,1684.19995117,23.98999977
2020-05-07,35.58333206,36.4066658,35.48333359,35.77666855,1900800,0.05,1.0815,31.44,0.32,0.05,1721.80004883,23.54999924
2020-05-08,36.40333176,36.43000031,35.69333267,35.86333466,2685300,0.05,1.0854,27.98,0.32,0.05,1709.90002441,24.73999977
2020-05-11,35.32666779,36.65000153,35.28333282,36.41333389,2049900,0.05,1.0818,27.57,0.31,0.05,1695.30004883,24.13999939
2020-05-12,36.66666794,36.83000183,36.06666565,36.16666794,3211200,0.05,1.0864,33.04,0.29,0.05,1704.40002441,25.78000069
2020-05-13,36.17333221,36.76666641,35.81666565,36.29666519,2783100,0.05,1.0837,35.28,0.26,0.05,1713.90002441,25.29000092
2020-05-14,35.78333282,36.55666733,35.75,36.49333191,2379600,0.05,1.08,32.61,0.27,0.05,1738.09997559,27.55999947
2020-05-15,36.59666824,37.41666794,36.22333145,37.36000061,6235500,0.05,1.0816,31.89,0.26,0.05,1753.40002441,29.43000031
2020-05-18,38.30666733,38.63666534,37.95333481,38.3133316,2595900,0.05,1.0904,29.3,0.25,0.05,1731.80004883,31.81999969
2020-05-19,38.06666565,38.66333389,37.47333145,37.54333115,1923900,0.05,1.0937,30.53,0.24,0.05,1744.19995117,32.5
2020-05-20,37.66333389,38.53666687,37.66333389,38.23666763,1594800,0.05,1.098,27.99,0.24,0.05,1750.59997559,33.49000168
2020-05-21,37.95333481,38.23333359,37.66999817,37.99666595,2166000,0.05,1.0953,29.53,0.24,0.05,1720.5,33.91999817
2020-05-22,38.02666855,38.59666824,37.94333267,38.44666672,1321800,0.05,1.0894,28.16,0.25,0.05,1734.59997559,33.25
2020-05-25,38.02666855,38.59666824,37.94333267,38.44666672,1321800,0.05,1.0894,28.16,0.25,0.05,1734.59997559,33.25
2020-05-26,39.47333145,39.75666809,38.67666626,38.75999832,1835700,0.05,1.097,28.01,0.23,0.05,1704.80004883,34.34999847
2020-05-27,39.25999832,39.33000183,38.07333374,38.39666748,2537700,0.05,1.0969,27.62,0.21,0.05,1710.30004883,32.81000137
2020-05-28,38.77666855,39.21666718,38.5233345,38.79000092,2142900,0.05,1.1069,28.59,0.2,0.05,1713.30004883,33.70999908
2020-05-29,38.7733345,39.61000061,38.56666565,39.48666763,2495100,0.05,1.1107,27.51,0.2,0.05,1736.90002441,35.49000168
2020-06-01,39.76666641,39.95666885,39.08333206,39.62666702,2788500,0.08,1.1123,28.23,0.2,0.05,1737.80004883,35.43999863
2020-06-02,39.75,39.93333435,39.42666626,39.74666595,1557600,0.08,1.1166,26.84,0.18,0.06,1725.19995117,36.81000137
2020-06-03,39.99000168,40.24333191,39.44666672,39.77999878,2108400,0.08,1.1246,25.66,0.17,0.06,1697.80004883,37.29000092
2020-06-04,39.70000076,39.79000092,38.8133316,39.31000137,1803600,0.08,1.1322,25.81,0.17,0.06,1718.90002441,37.40999985
2020-06-05,39.84666824,40.08333206,38.44333267,39.96666718,3228300,0.08,1.1297,24.52,0.16,0.07,1676.19995117,39.54999924
2020-06-08,39.79000092,40.53666687,39.75666809,40.43333435,2877600,0.08,1.1293,25.81,0.14,0.07,1698.30004883,38.18999863
2020-06-09,40.11999893,40.38666534,39.71666718,40.02999878,2477700,0.08,1.1348,27.57,0.12,0.07,1714.69995117,38.93999863
2020-06-10,39.85666656,40.27999878,39.79333115,40.00333405,1539300,0.08,1.1355,27.57,0.15,0.08,1713.30004883,39.59999847
2020-06-11,39.49666595,39.62333298,37.57333374,37.75,2598900,0.08,1.1378,40.79,0.14,0.08,1732.0,36.34000015
2020-06-12,38.48666763,38.63000107,37.70999908,38.3833313,2116500,0.08,1.1253,36.09,0.16,0.08,1729.30004883,36.25999832
2020-06-15,37.51333237,39.45333481,37.40999985,39.12333298,2343600,0.08,1.127,34.4,0.12,0.09,1720.30004883,37.11999893
2020-06-16,39.5633316,40.0,38.69666672,39.50999832,2267700,0.08,1.1259,33.67,0.14,0.09,1729.59997559,38.38000107
2020-06-17,39.68999863,39.88999939,39.30333328,39.37666702,1779600,0.08,1.1219,33.47,0.15,0.09,1729.19995117,37.95999908
2020-06-18,39.24666595,39.79666519,38.90333176,39.76333237,2304000,0.08,1.1216,32.94,0.15,0.09,1724.80004883,38.84000015
2020-06-19,40.0933342,40.71666718,39.47000122,39.61000061,2968800,0.08,1.1189,35.12,0.16,0.09,1745.90002441,39.75
2020-06-22,39.70666885,40.15000153,39.37666702,39.90333176,1519200,0.08,1.126,31.77,0.14,0.08,1756.69995117,40.45999908
2020-06-23,40.07333374,40.29333115,39.43000031,39.53333282,2118000,0.08,1.1322,31.37,0.14,0.08,1772.09997559,40.36999893
2020-06-24,39.40999985,39.43999863,38.35666656,38.42666626,1880100,0.08,1.1272,33.84,0.13,0.08,1765.80004883,38.00999832
2020-06-25,38.33333206,39.66333389,38.22000122,39.5633316,1664700,0.08,1.1221,32.22,0.15,0.08,1762.09997559,38.72000122
2020-06-26,39.37333298,39.44666672,38.47000122,38.60666656,3161100,0.08,1.1215,34.73,0.17,0.08,1772.5,38.49000168
2020-06-29,39.1333313,39.2266655,38.7266655,39.18333435,2247300,0.08,1.1237,31.78,0.16,0.08,1774.80004883,39.70000076
2020-06-30,38.94333267,39.99333191,38.81666565,39.82333374,1887900,0.08,1.1237,30.43,0.14,0.08,1793.0,39.27000046
2020-07-01,39.8666687,40.53666687,39.61333466,40.25333405,1809000,0.09,1.1259,28.62,0.16,0.08,1773.19995117,39.81999969
2020-07-02,40.86000061,41.04000092,40.0,40.02000046,2269800,0.09,1.1237,27.68,0.16,0.09,1784.0,40.65000153
2020-07-03,40.86000061,41.04000092,40.0,40.02000046,2269800,0.09,1.1237,27.68,0.16,0.09,1784.0,40.65000153
2020-07-06,40.49666595,40.83333206,40.18000031,40.36000061,1436400,0.09,1.1307,27.94,0.13,0.09,1788.5,40.63000107
2020-07-07,40.08666611,40.59666824,39.91999817,40.1566658,1391400,0.09,1.1299,29.43,0.12,0.09,1804.19995117,40.61999893
2020-07-08,40.31666565,40.75999832,40.15333176,40.56666565,2049000,0.09,1.1329,28.08,0.12,0.09,1815.5,40.90000153
2020-07-09,40.75666809,40.83333206,39.73666763,40.26666641,1691700,0.09,1.1298,29.26,0.14,0.09,1799.19995117,39.61999893
2020-07-10,40.43333435,41.0,40.05666733,40.95999908,1406400,0.09,1.1318,27.29,0.14,0.09,1798.19995117,40.54999924
2020-07-13,41.34000015,42.07333374,40.97999954,41.0,1859400,0.09,1.1364,32.19,0.14,0.09,1811.0,40.09999847
2020-07-14,40.99666595,41.59999847,40.98666763,41.59999847,1300800,0.09,1.1406,29.52,0.12,0.09,1810.59997559,40.29000092
2020-07-15,42.0,42.45333481,41.69333267,42.27999878,1603200,0.09,1.1406,27.76,0.11,0.1,1811.40002441,41.20000076
2020-07-16,42.18000031,42.42333221,42.00333405,42.3433342,924300,0.09,1.1433,28.0,0.16,0.1,1798.69995117,40.75
2020-07-17,42.56666565,43.04999924,42.4066658,42.8133316,2245800,0.09,1.1438,25.68,0.16,0.09,1808.30004883,40.59000015
2020-07-20,42.77666855,43.88999939,42.7733345,43.76666641,2370300,0.09,1.1442,24.46,0.13,0.1,1815.90002441,40.81000137
2020-07-21,43.5633316,43.95000076,43.16333389,43.66999817,2799900,0.09,1.1495,24.84,0.13,0.1,1842.40002441,41.95999908
2020-07-22,44.33666611,45.10666656,43.84999847,44.70000076,3693600,0.09,1.1587,24.32,0.13,0.09,1864.09997559,41.90000153
2020-07-23,44.73333359,45.16999817,43.66666794,43.80333328,2814300,0.09,1.1623,26.08,0.12,0.09,1889.09997559,41.06999969
2020-07-24,43.76333237,43.79666519,43.01666641,43.52000046,2696100,0.09,1.1635,25.84,0.14,0.09,1897.30004883,41.29000092
2020-07-27,43.5633316,43.73333359,43.37333298,43.50999832,2857500,0.09,1.175,24.74,0.16,0.1,1931.0,41.59999847
2020-07-28,43.1866684,43.31999969,42.46666718,42.71666718,2113800,0.09,1.1733,25.44,0.16,0.1,1944.69995117,41.04000092
2020-07-29,42.92333221,43.84666824,42.84000015,43.66999817,2375700,0.09,1.177,24.1,0.15,0.1,1953.5,41.27000046
2020-07-30,43.20333481,43.45999908,42.88999939,43.29999924,1657200,0.09,1.1791,24.76,0.16,0.1,1942.30004883,39.91999817
2020-07-31,43.56666565,43.78333282,43.00333405,43.77000046,1835700,0.09,1.1822,24.46,0.16,0.1,1962.80004883,40.27000046
2020-08-01,43.56666565,43.78333282,43.00333405,43.77000046,1835700,0.1,1.1822,24.46,0.16,0.1,1962.80004883,40.27000046
2020-08-03,43.94666672,44.13000107,43.31666565,43.45000076,1526700,0.1,1.175,24.28,0.15,0.1,1966.0,41.00999832
2020-08-04,43.50999832,43.59000015,42.93000031,43.23333359,1403100,0.1,1.1766,23.76,0.16,0.1,2001.19995117,41.70000076
2020-08-05,43.43333435,43.49000168,43.01333237,43.45333481,1741800,0.1,1.1898,22.99,0.14,0.1,2031.09997559,42.18999863
2020-08-06,43.25999832,43.75333405,43.16666794,43.56666565,1766700,0.1,1.1856,22.65,0.14,0.1,2051.5,41.95000076
2020-08-07,43.27999878,44.29333115,43.20333481,44.29000092,2182500,0.1,1.1776,22.21,0.15,0.1,2010.09997559,41.22000122
2020-08-10,44.50333405,44.50333405,43.5233345,43.8433342,2223000,0.1,1.1756,22.13,0.15,0.1,2024.40002441,41.93999863
2020-08-11,44.0,44.09666824,43.37333298,43.49000168,1763100,0.1,1.1764,24.03,0.14,0.1,1932.59997559,41.61000061
2020-08-12,43.71666718,44.34999847,43.41333389,43.47333145,3167700,0.1,1.1796,22.28,0.15,0.1,1934.90002441,42.66999817
2020-08-13,43.33666611,43.59000015,43.01666641,43.42666626,2781000,0.1,1.1818,22.13,0.18,0.1,1956.69995117,42.24000168
2020-08-14,43.35666656,43.54333115,42.90333176,43.08000183,2035200,0.1,1.1833,22.05,0.17,0.1,1937.0,42.00999832
2020-08-17,43.12666702,43.59999847,43.0,43.4366684,2517300,0.1,1.1869,21.35,0.17,0.1,1985.0,42.88999939
2020-08-18,43.43000031,43.60333252,43.11000061,43.34999847,1734300,0.1,1.1928,21.51,0.16,0.09,1999.40002441,42.88999939
2020-08-19,43.60666656,43.67333221,43.10333252,43.29000092,1757400,0.1,1.1898,22.54,0.14,0.09,1958.69995117,42.93000031
2020-08-20,43.15333176,43.82333374,43.15333176,43.48666763,1553700,0.1,1.1862,22.72,0.15,0.09,1933.80004883,42.58000183
2020-08-21,43.45999908,43.55333328,43.08000183,43.30666733,1439700,0.1,1.1775,22.54,0.15,0.09,1934.59997559,42.34000015
2020-08-24,43.43000031,43.89666748,43.22999954,43.86000061,2077200,0.1,1.1803,22.37,0.11,0.09,1927.69995117,42.61999893
2020-08-25,43.8833313,44.01333237,43.25,43.3666687,1490400,0.1,1.1818,22.03,0.14,0.09,1911.80004883,43.34999847
2020-08-26,43.47000122,44.52666855,43.40333176,44.18000031,1937400,0.1,1.1813,23.27,0.15,0.09,1940.69995117,43.38999939
2020-08-27,44.34666824,44.42666626,43.93999863,43.95000076,1525800,0.1,1.1824,24.47,0.14,0.08,1921.59997559,43.04000092
2020-08-28,44.20666885,44.20666885,43.81000137,43.94666672,1284300,0.1,1.1901,22.96,0.14,0.09,1964.59997559,42.97000122
2020-08-31,44.17666626,45.03666687,44.04333115,44.80666733,4145100,0.1,1.195,26.41,0.14,0.09,1967.59997559,42.61000061
2020-09-01,44.88000107,44.94666672,44.43000031,44.93999863,1526100,0.09,1.1949,26.12,0.13,0.09,1968.19995117,42.75999832
2020-09-02,45.10666656,45.97999954,45.0,45.75999832,2283300,0.09,1.184,26.57,0.13,0.09,1934.40002441,41.50999832
2020-09-03,45.9366684,45.9366684,43.96333313,44.41999817,2527200,0.09,1.1832,33.6,0.14,0.09,1927.59997559,41.36999893
2020-09-04,44.70000076,44.71333313,42.8666687,43.43000031,2228400,0.09,1.182,30.75,0.14,0.09,1923.90002441,39.77000046
2020-09-07,44.70000076,44.71333313,42.8666687,43.43000031,2228400,0.09,1.182,30.75,0.14,0.09,1923.90002441,39.77000046
2020-09-08,42.9366684,43.15999985,42.06000137,42.14666748,2942100,0.09,1.1789,31.46,0.12,0.09,1933.0,36.75999832
2020-09-09,42.73666763,43.30666733,42.33666611,43.0633316,1963800,0.09,1.181,28.81,0.13,0.09,1944.69995117,38.04999924
2020-09-10,43.02000046,43.02000046,41.57333374,41.63666534,2424600,0.09,1.188,29.71,0.13,0.09,1954.19995117,37.29999924
2020-09-11,42.02666855,42.26666641,41.58000183,41.90000153,1655700,0.09,1.1831,26.87,0.14,0.09,1937.80004883,37.33000183
2020-09-14,42.07666779,42.71666718,42.07666779,42.33000183,2388000,0.09,1.1874,25.85,0.13,0.09,1953.09997559,37.25999832
2020-09-15,42.66999817,42.96333313,42.43000031,42.72000122,1122300,0.09,1.1846,25.59,0.14,0.09,1956.30004883,38.27999878
2020-09-16,42.70000076,43.28666687,42.38000107,42.43333435,1626000,0.09,1.1835,26.04,0.11,0.09,1960.19995117,40.15999985
2020-09-17,41.8133316,41.8133316,41.19666672,41.47999954,2608800,0.09,1.1823,26.46,0.14,0.09,1940.0,40.97000122
2020-09-18,41.66666794,41.83000183,40.59666824,40.81666565,3721500,0.09,1.1857,25.83,0.13,0.09,1952.09997559,41.11000061
2020-09-21,40.10333252,40.94333267,39.89666748,40.68333435,2729700,0.09,1.1737,27.78,0.12,0.09,1901.19995117,39.31000137
2020-09-22,40.70333481,41.1166687,40.08666611,41.10666656,2466300,0.09,1.1703,26.86,0.12,0.09,1898.59997559,39.59999847
2020-09-23,41.24000168,41.24000168,39.8666687,39.90999985,1797600,0.09,1.1677,28.58,0.12,0.09,1859.90002441,39.93000031
2020-09-24,39.85666656,40.75666809,39.75,40.43333435,1758300,0.09,1.1666,28.51,0.13,0.09,1868.30004883,40.31000137
2020-09-25,40.3833313,41.36999893,40.22999954,41.3433342,1575300,0.09,1.1618,26.38,0.12,0.09,1857.69995117,40.25
2020-09-28,41.95333481,42.11333466,41.32666779,41.79000092,2515500,0.09,1.166,26.19,0.11,0.09,1872.80004883,40.59999847
2020-09-29,41.7733345,42.11999893,39.33666611,40.45999908,7978200,0.09,1.1717,26.27,0.14,0.09,1894.30004883,39.29000092
2020-09-30,40.69333267,41.47333145,40.43333435,40.90333176,5927400,0.09,1.1723,26.37,0.13,0.09,1887.5,40.22000122
2020-10-01,41.3133316,41.5233345,40.95666885,41.30666733,3351900,0.09,1.1752,26.7,0.14,0.09,1908.40002441,38.72000122
2020-10-02,40.88666534,41.55666733,40.75333405,41.18000031,2144100,0.09,1.1706,27.63,0.14,0.09,1900.19995117,37.04999924
2020-10-05,41.39666748,41.66333389,40.90000153,41.62333298,1952100,0.09,1.1784,27.96,0.12,0.09,1912.5,39.22000122
2020-10-06,41.66333389,41.93000031,41.02999878,41.18999863,2298600,0.09,1.1778,29.48,0.13,0.09,1901.09997559,40.66999817
2020-10-07,41.12666702,41.59999847,40.7266655,40.99333191,2611200,0.09,1.1766,28.06,0.13,0.09,1883.59997559,39.95000076
2020-10-08,41.24666595,41.63000107,41.10666656,41.53333282,1889400,0.09,1.1753,26.36,0.13,0.09,1888.59997559,41.18999863
2020-10-09,42.00666809,42.1166687,41.57333374,41.6866684,1227900,0.09,1.1819,25.0,0.12,0.09,1919.5,40.59999847
2020-10-12,41.9366684,42.43999863,41.75,42.12666702,1269600,0.09,1.1819,25.07,0.12,0.09,1922.5,39.43000031
2020-10-13,42.29000092,42.3133316,41.77999878,42.12666702,1880400,0.09,1.1737,26.07,0.13,0.09,1888.5,40.20000076
2020-10-14,42.43333435,42.75999832,42.33666611,42.54999924,1686300,0.09,1.1755,26.4,0.11,0.09,1901.30004883,41.04000092
2020-10-15,42.16666794,42.8133316,42.04999924,42.80333328,1230300,0.09,1.1701,26.97,0.11,0.09,1903.19995117,40.95999908
2020-10-16,42.88666534,43.29999924,42.62666702,42.95666885,2182500,0.09,1.1717,27.41,0.11,0.09,1900.80004883,40.88000107
2020-10-19,43.23666763,43.3666687,42.46333313,42.49333191,2660400,0.09,1.1788,29.18,0.1,0.09,1906.40002441,40.83000183
2020-10-20,42.50333405,43.69333267,42.50333405,42.99666595,2653200,0.09,1.1824,29.35,0.12,0.09,1910.40002441,41.45999908
2020-10-21,43.49000168,44.68000031,42.66666794,44.12333298,3317700,0.09,1.187,28.65,0.11,0.09,1924.59997559,40.02999878
2020-10-22,44.38999939,44.38999939,43.32666779,43.36333466,1806900,0.09,1.1824,28.11,0.12,0.09,1901.09997559,40.63999939
2020-10-23,43.52000046,43.52000046,42.4766655,43.04000092,1736100,0.09,1.1844,27.55,0.12,0.09,1902.0,39.84999847
2020-10-26,42.58666611,42.79000092,42.18999863,42.45999908,1881300,0.09,1.1816,32.46,0.11,0.09,1902.69995117,38.56000137
2020-10-27,42.58000183,42.76666641,41.68999863,41.70000076,1598700,0.09,1.1834,33.35,0.11,0.09,1908.80004883,39.56999969
2020-10-28,41.25,41.45999908,40.34000015,40.57666779,1816200,0.09,1.1751,40.28,0.11,0.09,1876.19995117,37.38999939
2020-10-29,40.57666779,41.22999954,40.25,40.66999817,1812300,0.09,1.1658,37.59,0.12,0.09,1865.59997559,36.16999817
2020-10-30,40.35333252,40.99333191,39.91999817,40.33000183,2461200,0.09,1.1647,38.02,0.13,0.09,1877.40002441,35.79000092
2020-11-01,40.35333252,40.99333191,39.91999817,40.33000183,2461200,0.09,1.1647,38.02,0.13,0.09,1877.40002441,35.79000092
2020-11-02,40.81666565,41.63000107,40.75333405,41.06000137,1591200,0.09,1.1634,37.13,0.13,0.09,1890.40002441,36.81000137
2020-11-03,41.69333267,42.32333374,41.38999939,41.63666534,1291500,0.09,1.1724,35.55,0.12,0.09,1908.5,37.65999985
2020-11-04,42.01333237,43.8433342,42.00999832,43.09999847,2060100,0.09,1.173,29.57,0.13,0.09,1894.59997559,39.15000153
2020-11-05,43.1866684,44.6166687,43.1866684,44.40333176,2536200,0.09,1.1809,27.58,0.11,0.09,1945.30004883,38.79000092
2020-11-06,44.4066658,44.6566658,43.9366684,44.40000153,1799400,0.09,1.1886,24.86,0.11,0.09,1950.30004883,37.13999939
2020-11-09,46.5,46.5,43.08333206,43.2266655,3042300,0.09,1.1811,25.75,0.1,0.09,1853.19995117,40.29000092
2020-11-10,43.09000015,43.32666779,42.01666641,42.37666702,3720000,0.09,1.181,24.8,0.11,0.09,1875.40002441,41.36000061
2020-11-11,42.52999878,43.7733345,42.50999832,43.26333237,1977000,0.09,1.181,23.45,0.11,0.09,1860.69995117,41.45000076
2020-11-12,43.42333221,43.42666626,42.15333176,42.28333282,1894500,0.09,1.1814,25.35,0.12,0.09,1872.59997559,41.11999893
2020-11-13,42.48333359,42.73666763,41.77000046,41.93999863,2319900,0.09,1.1824,23.1,0.13,0.09,1885.69995117,40.13000107
2020-11-16,42.1866684,42.1866684,41.37666702,41.8433342,3278400,0.09,1.1844,22.45,0.13,0.09,1887.30004883,41.34000015
2020-11-17,41.96333313,42.01666641,41.22000122,41.44333267,2975400,0.09,1.1862,22.71,0.14,0.09,1884.5,41.43000031
2020-11-18,41.3433342,41.38666534,40.74333191,40.90999985,3003900,0.09,1.1869,23.84,0.13,0.09,1873.5,41.81999969
2020-11-19,41.3666687,42.23333359,40.95333481,41.58666611,3334800,0.09,1.1843,23.11,0.14,0.08,1861.09997559,41.74000168
2020-11-20,41.72999954,42.45666885,41.55333328,42.11000061,2837700,0.09,1.1857,23.7,0.13,0.08,1872.59997559,42.15000153
2020-11-23,42.26666641,42.49000168,41.61333466,42.00333405,2125500,0.09,1.1826,22.66,0.13,0.08,1837.80004883,43.06000137
2020-11-24,42.04333115,42.57333374,42.01666641,42.42333221,2742300,0.09,1.1874,21.64,0.14,0.08,1804.80004883,44.90999985
2020-11-25,42.39666748,42.73333359,42.34666824,42.44333267,2235600,0.09,1.1908,21.25,0.14,0.08,1805.69995117,45.70999908
2020-11-26,42.39666748,42.73333359,42.34666824,42.44333267,2235600,0.09,1.1908,21.25,0.14,0.08,1805.69995117,45.70999908
2020-11-27,42.32333374,42.50333405,42.0933342,42.37333298,1552800,0.09,1.1908,20.84,0.14,0.08,1781.90002441,45.52999878
2020-11-30,42.34000015,42.75999832,42.14333344,42.66333389,3112800,0.09,1.1948,20.57,0.15,0.09,1775.69995117,45.34000015
2020-12-01,42.44333267,43.46666718,42.44333267,43.30333328,2190600,0.09,1.2039,20.77,0.14,0.09,1814.09997559,44.54999924
2020-12-02,43.23666763,43.33333206,42.75,43.11999893,1707900,0.09,1.2093,21.17,0.14,0.09,1825.69995117,45.27999878
2020-12-03,42.29000092,42.34666824,41.09000015,41.6333313,5597100,0.09,1.2152,21.28,0.15,0.09,1836.80004883,45.63999939
2020-12-04,41.61999893,42.33333206,41.56000137,41.76666641,2550300,0.09,1.2142,20.79,0.14,0.09,1835.90002441,46.25999832
2020-12-07,41.81999969,42.98666763,41.81666565,42.85333252,5088300,0.09,1.2138,21.3,0.15,0.09,1861.80004883,45.75999832
2020-12-08,42.83333206,43.06666565,42.43333435,42.8833313,1864200,0.09,1.2111,20.68,0.14,0.09,1870.80004883,45.59999847
2020-12-09,42.96333313,43.22000122,41.36000061,42.03333282,2914500,0.09,1.208,22.27,0.14,0.09,1834.59997559,45.52000046
2020-12-10,41.91666794,42.11999893,41.54333115,41.66333389,2107200,0.09,1.2118,22.52,0.14,0.09,1833.59997559,46.77999878
2020-12-11,41.52000046,41.99000168,41.33666611,41.88999939,1651800,0.09,1.2112,23.31,0.14,0.09,1839.80004883,46.56999969
2020-12-14,42.24000168,42.70000076,41.29999924,41.34666824,1921800,0.09,1.2145,24.72,0.13,0.09,1828.69995117,46.99000168
2020-12-15,41.59666824,42.79000092,41.54999924,42.43000031,2555100,0.09,1.2158,22.89,0.15,0.09,1852.30004883,47.61999893
2020-12-16,42.6333313,42.77000046,42.23666763,42.3666687,3331200,0.09,1.2175,22.5,0.15,0.09,1856.09997559,47.81999969
2020-12-17,42.61333466,43.1566658,42.43333435,42.83333206,3153900,0.09,1.2258,21.93,0.16,0.09,1887.19995117,48.36000061
2020-12-18,42.72999954,43.21333313,42.65000153,42.8666687,5128200,0.09,1.2236,21.57,0.16,0.09,1885.69995117,49.09999847
2020-12-21,42.60666656,42.85666656,41.42666626,42.68333435,3337200,0.09,1.223,25.16,0.15,0.09,1879.19995117,47.74000168
2020-12-22,42.3433342,43.45999908,42.24666595,43.29999924,3123300,0.09,1.2172,24.23,0.15,0.09,1866.59997559,47.02000046
2020-12-23,43.49666595,43.58000183,42.64666748,42.65000153,1479300,0.09,1.2194,23.31,0.16,0.09,1874.69995117,48.11999893
2020-12-24,42.65999985,42.91333389,42.52999878,42.87333298,575400,0.09,1.2194,21.53,0.15,0.09,1879.90002441,48.22999954
2020-12-25,42.65999985,42.91333389,42.52999878,42.87333298,575400,0.09,1.2194,21.53,0.15,0.09,1879.90002441,48.22999954
2020-12-28,43.02666855,43.07333374,42.63999939,42.95000076,1376100,0.09,1.2213,21.7,0.15,0.09,1877.19995117,47.61999893
2020-12-29,43.21666718,43.29000092,42.96666718,43.04666519,910800,0.09,1.2252,23.08,0.15,0.09,1879.69995117,48.0
2020-12-30,43.25999832,43.50999832,43.15333176,43.38000107,1199100,0.09,1.228,22.77,0.16,0.09,1891.0,48.40000153
2020-12-31,43.33333206,44.29000092,43.15999985,44.24666595,1533900,0.09,1.223,22.75,0.15,0.09,1893.09997559,48.52000046
2021-01-01,43.33333206,44.29000092,43.15999985,44.24666595,1533900,0.09,1.223,22.75,0.15,0.09,1893.09997559,48.52000046
2021-01-04,44.57666779,44.64333344,43.56666565,44.00333405,4331400,0.09,1.2254,26.97,0.15,0.09,1944.69995117,47.61999893
2021-01-05,44.09666824,44.34666824,43.84666824,43.99000168,3305400,0.09,1.2295,25.34,0.15,0.09,1952.69995117,49.93000031
2021-01-06,44.1166687,45.49666595,43.97333145,45.1333313,3068400,0.09,1.229,25.07,0.14,0.09,1906.90002441,50.63000107
2021-01-07,44.97999954,45.62666702,44.88999939,45.59999847,2645100,0.09,1.2265,22.37,0.13,0.09,1912.30004883,50.83000183
2021-01-08,45.14333344,46.38000107,45.14333344,46.27000046,2361300,0.09,1.2252,21.56,0.14,0.09,1834.09997559,52.24000168
2021-01-11,46.06999969,47.29000092,46.0,46.96666718,3387600,0.09,1.2169,24.08,0.14,0.09,1849.59997559,52.25
2021-01-12,46.99666595,47.56000137,46.95333481,47.30666733,2839500,0.09,1.2168,23.33,0.14,0.09,1842.90002441,53.20999908
2021-01-13,47.35666656,47.83333206,47.33333206,47.49666595,4243500,0.09,1.2159,22.21,0.15,0.09,1853.59997559,52.90999985
2021-01-14,47.74000168,47.75666809,46.93000031,47.37666702,2877300,0.09,1.2156,23.25,0.14,0.09,1850.30004883,53.56999969
2021-01-15,47.14666748,47.50666809,46.45999908,46.68000031,8262600,0.09,1.2099,24.34,0.13,0.09,1829.30004883,52.36000061
2021-01-18,47.14666748,47.50666809,46.45999908,46.68000031,8262600,0.09,1.2099,24.34,0.13,0.09,1829.30004883,52.36000061
2021-01-19,47.40333176,47.66666794,46.74666595,47.41999817,2688600,0.09,1.2126,23.24,0.13,0.09,1839.5,52.97999954
2021-01-20,47.79333115,48.09999847,47.16666794,47.88999939,3801000,0.09,1.2126,21.58,0.14,0.09,1865.90002441,53.24000168
2021-01-21,48.02999878,48.1333313,46.81666565,47.1333313,2078100,0.09,1.2143,21.32,0.13,0.08,1865.30004883,53.13000107
2021-01-22,47.09666824,47.17666626,46.4066658,46.80666733,3381000,0.09,1.2179,21.91,0.14,0.08,1855.69995117,52.27000046
2021-01-25,46.84666824,47.60666656,46.57333374,47.43333435,2508300,0.09,1.2138,23.19,0.12,0.08,1854.90002441,52.77000046
2021-01-26,47.57666779,47.77000046,46.83000183,47.04333115,2914500,0.09,1.2147,23.02,0.15,0.08,1850.69995117,52.61000061
2021-01-27,46.83000183,47.8833313,45.84999847,47.06666565,4776300,0.09,1.2101,37.21,0.13,0.08,1844.90002441,52.84999847
2021-01-28,47.12333298,47.79000092,46.31999969,46.3433342,2938200,0.09,1.2122,30.21,0.14,0.07,1837.90002441,52.34000015
2021-01-29,46.03333282,46.03333282,44.73666763,45.09000015,3366900,0.09,1.2135,33.09,0.14,0.07,1847.30004883,52.20000076
2021-02-01,45.50999832,46.35666656,45.16666794,46.20333481,2619900,0.08,1.207,30.24,0.13,0.08,1860.80004883,53.54999924
2021-02-02,46.37666702,47.70333481,46.20333481,47.53666687,2709300,0.08,1.202,25.56,0.12,0.08,1830.5,54.75999832
2021-02-03,47.42666626,47.70000076,47.00666809,47.38666534,2638200,0.08,1.2025,22.91,0.16,0.08,1832.19995117,55.68999863
2021-02-04,47.55333328,48.46666718,47.43000031,47.85666656,2472300,0.08,1.1974,21.77,0.15,0.08,1788.90002441,56.22999954
2021-02-05,47.93999863,48.17333221,47.31666565,47.52999878,2040300,0.08,1.2035,20.87,0.16,0.08,1810.90002441,56.84999847
2021-02-08,47.70000076,47.94666672,47.30666733,47.48333359,1480200,0.08,1.2045,21.24,0.15,0.07,1831.90002441,57.97000122
2021-02-09,47.54666519,47.99000168,47.33666611,47.70999908,1261800,0.08,1.2106,21.63,0.16,0.08,1835.30004883,58.36000061
2021-02-10,48.0,48.13000107,47.04666519,47.49000168,1575300,0.08,1.2132,21.99,0.15,0.08,1840.59997559,58.68000031
2021-02-11,47.68000031,47.74666595,47.20000076,47.45666885,1398000,0.08,1.2127,21.25,0.15,0.08,1824.90002441,58.24000168
2021-02-12,47.50333405,47.84666824,47.27666855,47.33000183,1454700,0.08,1.2126,19.97,0.15,0.08,1821.59997559,59.47000122
2021-02-15,47.50333405,47.84666824,47.27666855,47.33000183,1454700,0.08,1.2126,19.97,0.15,0.08,1821.59997559,59.47000122
2021-02-16,47.68333435,48.0633316,47.13000107,47.99666595,2549700,0.08,1.2107,21.46,0.15,0.08,1797.19995117,60.04999924
2021-02-17,47.74000168,48.36999893,47.66666794,48.22999954,2334900,0.08,1.2042,21.5,0.14,0.08,1771.09997559,61.13999939
2021-02-18,48.0933342,48.49000168,47.87666702,48.29333115,2128800,0.08,1.2078,22.49,0.15,0.07,1773.40002441,60.52000046
2021-02-19,48.39666748,48.61000061,48.09999847,48.14333344,2007600,0.08,1.2136,22.05,0.14,0.07,1775.80004883,59.24000168
2021-02-22,47.8133316,47.8133316,46.66999817,47.20666885,2730300,0.08,1.2155,23.45,0.15,0.07,1806.69995117,61.49000168
2021-02-23,47.03666687,47.13000107,46.28666687,46.77999878,2970300,0.08,1.2142,23.11,0.15,0.07,1804.40002441,61.66999817
2021-02-24,46.60333252,47.4066658,46.13999939,47.33000183,1826700,0.08,1.2143,21.34,0.16,0.07,1796.40002441,63.22000122
2021-02-25,47.36000061,47.84999847,46.7266655,46.7733345,1938300,0.08,1.2229,28.89,0.15,0.07,1774.40002441,63.52999878
2021-02-26,46.81666565,46.99333191,45.93333435,46.09666824,2818200,0.08,1.2093,27.95,0.15,0.07,1728.09997559,61.5
2021-03-01,46.56000137,47.6166687,46.46666718,47.29000092,2086500,0.07,1.2054,23.35,0.13,0.07,1722.5,60.63999939
2021-03-02,47.19333267,47.40333176,46.38000107,46.88000107,1857900,0.07,1.2079,24.1,0.14,0.07,1733.09997559,59.75
2021-03-03,46.70000076,46.98333359,45.51666641,45.56999969,1862700,0.07,1.2073,26.67,0.14,0.07,1715.30004883,61.27999878
2021-03-04,45.87666702,46.71666718,45.18999863,46.0,3552300,0.07,1.2045,28.57,0.14,0.07,1700.19995117,63.83000183
2021-03-05,46.34999847,48.36999893,46.16666794,48.23333359,3595800,0.07,1.1914,24.66,0.15,0.07,1698.0,66.08999634
2021-03-08,48.29666519,49.17333221,47.95333481,48.33000183,5225100,0.07,1.1849,25.47,0.13,0.07,1677.69995117,65.05000305
2021-03-09,48.28666687,49.84666824,48.28666687,48.8833313,3341700,0.07,1.1885,24.03,0.13,0.07,1716.59997559,64.01000214
2021-03-10,49.02666855,49.10333252,48.14666748,48.18333435,2215800,0.07,1.19,22.56,0.14,0.07,1721.5,64.44000244
2021-03-11,48.29999924,48.29999924,47.58333206,48.03333282,2143500,0.07,1.1978,21.91,0.14,0.07,1722.30004883,66.01999664
2021-03-12,48.1866684,48.36333466,47.68999863,48.13999939,1391400,0.07,1.1952,20.69,0.15,0.07,1719.5,65.61000061
2021-03-15,48.09666824,48.6866684,47.70000076,48.66333389,1592700,0.07,1.1917,20.03,0.14,0.07,1728.90002441,65.38999939
2021-03-16,48.6866684,49.02666855,48.15999985,48.49000168,2699400,0.07,1.1895,19.79,0.17,0.07,1730.59997559,64.80000305
2021-03-17,48.31999969,48.59000015,47.45000076,48.00666809,5062800,0.07,1.1905,19.23,0.17,0.07,1726.80004883,64.59999847
2021-03-18,48.02000046,48.63000107,47.62333298,48.3133316,5465700,0.07,1.1926,21.58,0.18,0.07,1732.19995117,60.0
2021-03-19,48.33333206,48.94333267,47.93000031,48.58000183,6569100,0.07,1.1909,20.95,0.19,0.07,1741.40002441,61.41999817
2021-03-22,48.58000183,49.39666748,48.25333405,49.04000092,3654600,0.07,1.1932,18.88,0.16,0.07,1737.80004883,61.54999924
2021-03-23,48.6166687,49.65000153,48.6166687,49.18999863,3894900,0.07,1.1872,20.3,0.19,0.07,1724.69995117,57.75999832
2021-03-24,49.24000168,49.53666687,48.92666626,49.11000061,1930200,0.07,1.1831,21.2,0.18,0.07,1732.90002441,61.18000031
2021-03-25,49.17333221,49.17333221,48.50666809,48.85666656,2036100,0.07,1.1777,19.81,0.17,0.07,1724.90002441,58.56000137
2021-03-26,48.88999939,50.26666641,48.77666855,50.24000168,1861200,0.07,1.1798,18.86,0.18,0.07,1732.19995117,60.97000122
2021-03-29,49.94333267,50.48666763,49.71666718,50.27999878,1556100,0.07,1.1779,20.74,0.17,0.07,1712.09997559,61.56000137
2021-03-30,50.20333481,50.28666687,49.04666519,49.15000153,2118600,0.07,1.1724,19.61,0.18,0.07,1683.90002441,60.54999924
2021-03-31,49.09666824,49.7266655,49.00333405,49.15333176,2665800,0.07,1.1743,19.4,0.16,0.06,1713.80004883,59.15999985
2021-04-01,49.38999939,50.50666809,49.22999954,50.28333282,1964400,0.07,1.1772,17.33,0.18,0.07,1726.5,61.45000076
2021-04-02,49.38999939,50.50666809,49.22999954,50.28333282,1964400,0.07,1.1763,17.33,0.18,0.07,1726.5,61.45000076
2021-04-05,50.33333206,50.79999924,50.23666763,50.70000076,2197500,0.07,1.181,17.91,0.18,0.07,1727.0,58.65000153
2021-04-06,50.59000015,50.99333191,50.44666672,50.88666534,1449000,0.07,1.1852,18.12,0.18,0.07,1741.5,59.33000183
2021-04-07,50.87333298,50.89666748,50.02000046,50.25999832,2040900,0.07,1.189,17.16,0.17,0.07,1740.09997559,59.77000046
2021-04-08,50.63000107,51.24000168,50.51666641,51.17333221,2213100,0.07,1.1904,16.95,0.18,0.07,1756.80004883,59.59999847
2021-04-09,51.40333176,52.11999893,51.27000046,52.03333282,1765800,0.07,1.1897,16.69,0.17,0.07,1743.30004883,59.31999969
2021-04-12,52.12666702,52.41333389,51.89666748,52.02999878,1774200,0.07,1.1907,16.91,0.17,0.07,1731.19995117,59.70000076
2021-04-13,52.13000107,52.67666626,51.92333221,52.64333344,1590300,0.07,1.1939,16.65,0.15,0.07,1746.19995117,60.18000031
2021-04-14,52.30666733,52.9066658,52.25666809,52.47999954,1657200,0.07,1.1974,16.99,0.16,0.07,1734.90002441,63.15000153
2021-04-15,52.57666779,53.70999908,52.57666779,53.34999847,1976100,0.07,1.1964,16.57,0.17,0.07,1765.40002441,63.45999908
2021-04-16,53.63999939,53.83666611,53.20999908,53.38999939,3037800,0.07,1.198,16.25,0.17,0.07,1779.0,63.13000107
2021-04-19,53.29000092,53.29999924,52.48666763,52.87666702,2464200,0.07,1.2028,17.29,0.17,0.07,1769.40002441,63.38000107
2021-04-20,52.97333145,53.75333405,52.93999863,53.2266655,3034800,0.07,1.2045,18.68,0.15,0.07,1777.30004883,62.43999863
2021-04-21,53.4766655,53.99666595,52.36333466,53.10666656,3333300,0.07,1.2033,17.5,0.14,0.07,1792.30004883,61.34999847
2021-04-22,53.46333313,54.11333466,53.0933342,53.24000168,1927500,0.07,1.2012,18.71,0.15,0.07,1781.19995117,61.43000031
2021-04-23,53.40333176,54.42333221,53.1866684,54.1566658,2037900,0.07,1.2069,17.33,0.15,0.07,1777.0,62.13999939
2021-04-26,54.27000046,54.27999878,53.19333267,53.3433342,1659300,0.07,1.2083,17.64,0.15,0.07,1779.19995117,61.90999985
2021-04-27,53.26333237,53.62333298,52.90000153,53.59999847,1989600,0.07,1.2079,17.56,0.17,0.07,1778.0,62.93999863
2021-04-28,53.72333145,53.82333374,52.90333176,53.21666718,1906500,0.07,1.2098,17.28,0.18,0.07,1773.19995117,63.86000061
2021-04-29,53.60666656,53.99666595,53.1333313,53.96333313,1726800,0.07,1.211,17.61,0.17,0.06,1768.09997559,65.01000214
2021-04-30,53.85666656,54.10666656,53.49333191,53.84666824,1542900,0.07,1.203,18.61,0.17,0.05,1767.30004883,63.58000183
2021-05-01,53.85666656,54.10666656,53.49333191,53.84666824,1542900,0.06,1.203,18.61,0.17,0.05,1767.30004883,63.58000183
2021-05-03,54.02666855,54.54000092,53.67333221,54.16333389,1902900,0.06,1.2059,18.31,0.17,0.06,1791.40002441,64.48999786
2021-05-04,54.16999817,54.55333328,53.27000046,54.51333237,2964000,0.06,1.2014,19.48,0.16,0.06,1775.80004883,65.69000244
2021-05-05,54.6566658,54.75,54.07666779,54.51666641,2333700,0.06,1.2003,19.15,0.15,0.06,1784.09997559,65.62999725
2021-05-06,54.67666626,54.67666626,54.04333115,54.52666855,1845300,0.06,1.2049,18.39,0.14,0.06,1815.5,64.70999908
2021-05-07,54.6166687,54.97333145,54.49333191,54.85333252,1478400,0.06,1.2165,16.69,0.14,0.06,1831.09997559,64.90000153
2021-05-10,55.25,55.59666824,54.4766655,54.50999832,1867800,0.06,1.217,19.66,0.15,0.06,1837.5,64.91999817
2021-05-11,53.77000046,53.95333481,53.04000092,53.24333191,2451600,0.06,1.2169,21.84,0.15,0.06,1835.90002441,65.27999878
2021-05-12,52.95666885,53.47000122,52.24000168,52.78666687,3357600,0.06,1.2074,27.59,0.13,0.06,1822.59997559,66.08000183
2021-05-13,52.91999817,53.93999863,52.91999817,53.6333313,1378800,0.06,1.207,23.13,0.14,0.06,1823.80004883,63.81999969
2021-05-14,53.90333176,54.97999954,53.79333115,54.78666687,2094300,0.06,1.2141,18.81,0.15,0.06,1837.90002441,65.37000275
2021-05-17,54.73333359,54.95666885,54.36999893,54.58333206,1488000,0.06,1.2155,19.72,0.13,0.06,1867.5,66.26999664
2021-05-18,54.70333481,54.8433342,53.95666885,53.97999954,1572600,0.06,1.2203,21.34,0.14,0.06,1867.80004883,65.48999786
2021-05-19,53.41333389,53.7266655,53.14666748,53.64666748,1946400,0.06,1.2216,22.18,0.14,0.06,1881.30004883,63.36000061
2021-05-20,53.83666611,54.8433342,53.75,54.48666763,1246800,0.06,1.2225,20.67,0.14,0.06,1881.80004883,62.04999924
2021-05-21,54.29999924,54.94666672,54.29333115,54.62333298,4049400,0.06,1.2178,20.15,0.14,0.06,1876.69995117,63.58000183
2021-05-24,54.77999878,55.33666611,54.77999878,54.97333145,1210200,0.06,1.221,18.4,0.12,0.06,1884.59997559,66.05000305
2021-05-25,55.20333481,55.38666534,54.60333252,54.77000046,1465200,0.06,1.2233,18.84,0.12,0.06,1898.09997559,66.06999969
2021-05-26,54.88999939,55.45999908,54.87666702,55.15000153,1362600,0.06,1.2204,17.36,0.12,0.06,1901.30004883,66.20999908
2021-05-27,55.23666763,55.39666748,54.9766655,55.32666779,2170500,0.06,1.2194,16.74,0.11,0.06,1895.69995117,66.84999847
2021-05-28,55.71666718,55.95000076,55.36999893,55.81999969,1406700,0.06,1.2194,16.76,0.12,0.05,1902.5,66.31999969
2021-05-31,55.71666718,55.95000076,55.36999893,55.81999969,1406700,0.06,1.2194,16.76,0.12,0.05,1902.5,66.31999969
2021-06-01,56.06666565,56.22000122,54.75666809,54.81666565,1938300,0.08,1.2241,17.9,0.11,0.06,1902.90002441,67.72000122
2021-06-02,55.19666672,55.77999878,55.0,55.61333466,2823600,0.08,1.2213,17.48,0.11,0.06,1907.5,68.83000183
2021-06-03,55.63000107,56.25,55.41333389,56.02000046,2382300,0.08,1.2122,18.04,0.11,0.06,1871.19995117,68.80999756
2021-06-04,56.2266655,56.79999924,55.86999893,56.74333191,1697700,0.08,1.2173,16.42,0.11,0.06,1889.80004883,69.62000275
2021-06-07,56.97000122,57.0,56.20999908,56.29999924,1742700,0.08,1.22,16.42,0.1,0.06,1896.80004883,69.23000336
2021-06-08,56.48333359,56.78333282,56.26333237,56.31999969,1913100,0.08,1.218,17.07,0.11,0.06,1892.19995117,70.05000305
2021-06-09,56.47000122,56.51333237,56.14333344,56.37333298,1672800,0.08,1.2184,17.89,0.09,0.06,1893.19995117,69.95999908
2021-06-10,56.52000046,56.52000046,56.02666855,56.11999893,1680900,0.08,1.2173,16.1,0.09,0.06,1894.19995117,70.29000092
2021-06-11,56.75333405,57.67666626,56.64666748,57.65000153,2504100,0.08,1.2101,15.65,0.09,0.06,1877.40002441,70.91000366
2021-06-14,57.49666595,58.38999939,57.16999817,58.38666534,2053200,0.08,1.2126,16.39,0.09,0.06,1864.0,70.87999725
2021-06-15,58.53333282,59.18333435,58.35666656,58.76333237,1997400,0.08,1.212,17.02,0.09,0.06,1854.5,72.12000275
2021-06-16,58.74666595,59.45999908,58.57333374,59.1166687,2897100,0.08,1.2119,18.15,0.08,0.06,1859.5,72.15000153
2021-06-17,59.36333466,60.17666626,58.8833313,59.93000031,3442800,0.08,1.1911,17.75,0.09,0.1,1773.80004883,71.04000092
2021-06-18,59.41666794,59.59999847,58.41999817,58.59999847,5362800,0.08,1.1872,20.7,0.08,0.1,1767.90002441,71.63999939
2021-06-21,58.93999863,59.75999832,58.63000107,59.5933342,3135600,0.08,1.1909,17.89,0.09,0.1,1781.80004883,73.66000366
2021-06-22,59.64333344,59.91333389,59.41999817,59.56666565,1998600,0.08,1.191,16.66,0.09,0.1,1776.30004883,73.05999756
2021-06-23,59.66666794,59.87666702,59.20333481,59.31999969,2843400,0.08,1.195,16.32,0.1,0.1,1782.30004883,73.08000183
2021-06-24,59.6333313,59.76666641,59.1166687,59.26666641,2601600,0.08,1.1927,15.97,0.1,0.1,1775.59997559,73.30000305
2021-06-25,59.52999878,59.64333344,59.06000137,59.35666656,2368500,0.08,1.194,15.62,0.09,0.1,1776.59997559,74.05000305
2021-06-28,59.50333405,59.56999969,58.99333191,59.03666687,2942400,0.08,1.1938,15.76,0.1,0.1,1779.59997559,72.91000366
2021-06-29,59.2266655,59.43333435,58.8833313,58.95000076,1988700,0.08,1.1905,16.02,0.1,0.1,1762.80004883,72.98000336
2021-06-30,58.84999847,58.90333176,58.39333344,58.59999847,3492300,0.08,1.1848,15.83,0.1,0.08,1770.80004883,73.47000122
2021-07-01,59.29666519,59.29666519,58.59999847,58.67666626,3370500,0.1,1.1857,15.48,0.09,0.1,1775.90002441,75.23000336
2021-07-02,58.83333206,59.34999847,58.64666748,59.29333115,2907000,0.1,1.1848,15.07,0.09,0.1,1782.59997559,75.16000366
2021-07-05,58.83333206,59.34999847,58.64666748,59.29333115,2907000,0.1,1.1848,15.07,0.09,0.1,1782.59997559,75.16000366
2021-07-06,59.42666626,59.47000122,58.5633316,58.78666687,2022900,0.1,1.1816,16.44,0.08,0.1,1793.5,73.37000275
2021-07-07,59.02000046,59.08333206,58.42333221,58.72000122,2143800,0.1,1.1803,16.2,0.07,0.1,1801.5,72.19999695
2021-07-08,58.11999893,58.45666885,57.85666656,58.02666855,1940100,0.1,1.184,19.0,0.06,0.1,1799.59997559,72.94000244
2021-07-09,58.13666534,58.63666534,58.08000183,58.59000015,1531500,0.1,1.1861,16.18,0.07,0.1,1810.0,74.55999756
2021-07-12,58.5933342,60.33000183,58.5933342,59.8833313,3442800,0.1,1.1858,16.17,0.08,0.1,1805.5,74.09999847
2021-07-13,60.03666687,60.33333206,59.45666885,59.69666672,2670900,0.1,1.1813,17.12,0.08,0.1,1809.40002441,75.25
2021-07-14,59.79000092,59.79000092,58.75,59.36000061,2130900,0.1,1.1826,16.33,0.07,0.1,1824.30004883,73.12999725
2021-07-15,59.25,59.83333206,59.07666779,59.54999924,1949100,0.1,1.1806,17.01,0.08,0.1,1828.40002441,71.65000153
2021-07-16,59.49666595,60.07666779,59.36000061,59.51666641,2753100,0.1,1.181,18.45,0.08,0.1,1814.5,71.80999756
2021-07-19,59.22999954,59.54333115,58.64333344,59.04999924,2778000,0.1,1.1804,22.5,0.08,0.1,1808.69995117,66.41999817
2021-07-20,59.25666809,60.9066658,58.87333298,60.29999924,3384000,0.1,1.1776,19.73,0.09,0.1,1810.90002441,67.41999817
2021-07-21,60.44666672,62.3433342,60.44666672,62.0933342,3887700,0.1,1.1799,17.91,0.09,0.1,1802.90002441,70.30000305
2021-07-22,62.52000046,62.73666763,61.70999908,61.77999878,3082500,0.1,1.1771,17.69,0.08,0.1,1805.0,71.91000366
2021-07-23,62.02999878,62.82666779,61.88999939,62.58666611,2205900,0.1,1.1761,17.2,0.08,0.1,1801.40002441,72.06999969
2021-07-26,62.36999893,62.51666641,61.48333359,62.19333267,2045700,0.1,1.181,17.58,0.08,0.1,1798.69995117,71.91000366
2021-07-27,61.9766655,62.69333267,61.74666595,61.89666748,1989300,0.1,1.1831,19.36,0.08,0.1,1799.5,71.65000153
2021-07-28,61.92333221,62.02000046,61.3833313,61.8433342,1785000,0.1,1.1809,18.31,0.08,0.1,1799.5,72.38999939
2021-07-29,61.96333313,62.50999832,61.51666641,62.2266655,1694700,0.1,1.1886,17.7,0.07,0.1,1831.19995117,73.62000275
2021-07-30,62.18333435,62.71666718,61.93000031,62.24333191,1849200,0.1,1.1864,18.24,0.06,0.07,1812.59997559,73.94999695
2021-08-01,62.18333435,62.71666718,61.93000031,62.24333191,1849200,0.09,1.1864,18.24,0.06,0.07,1812.59997559,73.94999695
2021-08-02,62.76666641,62.97999954,62.3433342,62.81000137,1661100,0.09,1.1873,19.46,0.07,0.1,1818.09997559,71.26000214
2021-08-03,63.0633316,63.18000031,62.57333374,62.88999939,1821300,0.09,1.1859,18.04,0.07,0.1,1810.09997559,70.55999756
2021-08-04,62.70999908,63.48333359,62.55333328,63.11999893,2186700,0.09,1.1841,17.97,0.07,0.1,1810.5,68.15000153
2021-08-05,63.33333206,63.5633316,62.50333405,62.89333344,2025300,0.09,1.1838,17.28,0.08,0.1,1805.09997559,69.08999634
2021-08-06,63.11333466,63.4366684,62.52000046,62.9066658,1578300,0.09,1.1761,16.15,0.07,0.1,1760.0,68.27999878
2021-08-09,62.93999863,63.00999832,62.61999893,62.89333344,1650900,0.09,1.1749,16.72,0.07,0.1,1723.40002441,66.48000336
2021-08-10,62.92666626,63.34999847,62.56000137,62.95333481,1751400,0.09,1.1722,16.79,0.07,0.1,1728.80004883,68.29000092
2021-08-11,63.11000061,63.46333313,62.89666748,63.10666656,1242600,0.09,1.1737,16.06,0.07,0.1,1750.40002441,69.25
2021-08-12,63.30666733,63.62333298,62.60333252,63.36333466,1365600,0.09,1.1736,15.59,0.06,0.1,1749.0,69.08999634
2021-08-13,63.40000153,63.82333374,63.33333206,63.66333389,932700,0.09,1.1796,15.45,0.06,0.1,1775.19995117,68.44000244
2021-08-16,63.76666641,64.09333038,63.33666611,64.05666351,1177500,0.09,1.1776,16.12,0.06,0.1,1786.90002441,67.29000092
2021-08-17,63.90999985,63.94666672,63.16333389,63.33000183,2241300,0.09,1.1714,17.91,0.06,0.1,1785.0,66.58999634
2021-08-18,63.39666748,63.39666748,62.25,62.29666519,2421900,0.09,1.1702,21.57,0.06,0.09,1781.59997559,65.45999908
2021-08-19,61.50333405,63.1566658,61.13666534,62.67333221,2176200,0.09,1.1693,21.67,0.07,0.09,1780.19995117,63.68999863
2021-08-20,62.84666824,63.25666809,62.43333435,62.88999939,1599300,0.09,1.169,18.56,0.08,0.09,1781.0,62.31999969
2021-08-23,63.09666824,63.86999893,63.09666824,63.51333237,1534500,0.09,1.1732,17.15,0.08,0.09,1803.19995117,65.63999939
2021-08-24,63.78666687,64.0,63.58000183,63.61999893,1103100,0.09,1.1746,17.22,0.07,0.09,1805.59997559,67.54000092
2021-08-25,63.63666534,64.02999878,63.34666824,63.87666702,1111500,0.09,1.1758,16.79,0.06,0.09,1788.19995117,68.36000061
2021-08-26,63.76666641,63.9366684,63.32333374,63.72333145,1275900,0.09,1.1761,18.84,0.07,0.09,1792.19995117,67.41999817
2021-08-27,63.73666763,64.50333405,63.73666763,64.49333191,1078800,0.09,1.1794,16.39,0.07,0.08,1816.59997559,68.73999786
2021-08-30,64.78666687,65.22666931,64.52999878,64.69999695,1186500,0.09,1.1795,16.19,0.07,0.08,1809.0,69.20999908
2021-08-31,64.8833313,65.39666748,64.65666962,65.26000214,2385600,0.09,1.18,16.48,0.08,0.06,1815.0,68.5
2021-09-01,65.52666473,66.12999725,64.85666656,65.98666382,1725600,0.08,1.185,16.11,0.07,0.08,1813.09997559,68.58999634
2021-09-02,66.16999817,66.30999756,65.34666443,65.97000122,1798200,0.08,1.1858,16.41,0.07,0.08,1808.69995117,69.98999786
2021-09-03,66.01667023,66.55666351,65.94000244,66.17666626,1472400,0.08,1.1884,16.41,0.07,0.08,1830.90002441,69.29000092
2021-09-06,66.01667023,66.55666351,65.94000244,66.17666626,1472400,0.08,1.1884,16.41,0.07,0.08,1830.90002441,69.29000092
2021-09-07,66.5633316,66.5633316,65.01999664,65.48999786,1704300,0.08,1.1849,18.14,0.07,0.08,1795.90002441,68.34999847
2021-09-08,65.43333435,66.20666504,65.43333435,66.14333344,1234800,0.08,1.1818,17.96,0.07,0.08,1790.69995117,69.30000305
2021-09-09,65.95333099,66.62666321,65.83999634,65.98000336,1561800,0.08,1.1827,18.8,0.07,0.08,1797.40002441,68.13999939
2021-09-10,66.21333313,66.26333618,65.31999969,65.34666443,1701300,0.08,1.1821,20.95,0.07,0.08,1789.59997559,69.72000122
2021-09-13,65.55000305,66.0,64.32333374,64.77333069,1642500,0.08,1.1809,19.37,0.06,0.08,1792.0,70.44999695
2021-09-14,64.86000061,65.52333069,64.86000061,65.18333435,1394100,0.08,1.1824,19.46,0.08,0.08,1804.69995117,70.45999908
2021-09-15,65.19667053,65.71333313,64.83333588,65.27999878,1404600,0.08,1.1811,18.18,0.08,0.08,1792.40002441,72.61000061
2021-09-16,65.33333588,65.48666382,64.85333252,65.14333344,1229700,0.08,1.1764,18.69,0.08,0.08,1754.59997559,72.61000061
2021-09-17,64.95333099,64.97000122,63.66666794,64.30000305,3790200,0.08,1.1734,20.81,0.08,0.08,1749.40002441,71.97000122
2021-09-20,63.22333145,64.03666687,62.83666611,63.65999985,2307600,0.08,1.1729,25.71,0.09,0.08,1761.80004883,70.29000092
2021-09-21,64.15333557,64.23999786,63.74000168,63.96666718,1474800,0.08,1.1724,24.36,0.1,0.08,1776.0,70.55999756
2021-09-22,64.57666779,64.90000153,64.01667023,64.83333588,1983300,0.08,1.1739,20.87,0.1,0.08,1776.69995117,72.23000336
2021-09-23,65.13999939,65.57666779,65.08666992,65.19333649,2237400,0.08,1.1735,18.63,0.1,0.08,1747.69995117,73.30000305
2021-09-24,64.97000122,65.70999908,64.79666901,65.59333038,1987500,0.08,1.1715,17.75,0.1,0.08,1749.69995117,73.98000336
2021-09-27,65.54666901,65.54666901,64.83999634,65.26000214,2689500,0.08,1.1702,18.76,0.09,0.08,1750.0,75.44999695
2021-09-28,64.61000061,64.77666473,63.12666702,63.65333176,3929100,0.08,1.1681,23.25,0.09,0.08,1735.80004883,75.29000092
2021-09-29,63.9766655,64.80332947,63.63999939,64.66333008,2622000,0.08,1.1612,22.56,0.09,0.08,1721.5,74.83000183
2021-09-30,65.03333282,65.77666473,64.30666351,64.33999634,3187800,0.08,1.1577,23.14,0.09,0.06,1755.30004883,75.02999878
2021-10-01,64.70666504,64.91666412,63.55333328,64.57666779,2394000,0.08,1.1598,21.15,0.09,0.08,1757.0,75.87999725
2021-10-04,64.49333191,65.11000061,62.91333389,62.99000168,3202200,0.08,1.1622,22.96,0.09,0.08,1766.19995117,77.62000275
2021-10-05,63.18999863,65.19333649,63.08666611,65.08666992,3162600,0.08,1.1609,21.3,0.08,0.08,1759.59997559,78.93000031
2021-10-06,64.66333008,65.30000305,64.09999847,64.87999725,2847300,0.08,1.1546,21.0,0.08,0.08,1760.5,77.43000031
2021-10-07,65.33333588,66.36333466,65.33333588,65.97000122,1875300,0.08,1.1561,19.54,0.07,0.08,1757.90002441,78.30000305
2021-10-08,66.0,66.3833313,65.51000214,65.80000305,1607400,0.08,1.1572,18.77,0.07,0.08,1756.30004883,79.34999847
2021-10-11,65.52999878,67.5,65.41999817,65.89333344,2607900,0.08,1.1572,20.0,0.07,0.08,1754.59997559,80.51999664
2021-10-12,66.13999939,66.30000305,65.39666748,65.82666779,2246400,0.08,1.1541,19.85,0.07,0.08,1758.30004883,80.63999939
2021-10-13,65.89333344,66.27999878,65.05000305,65.80666351,2364900,0.08,1.1568,18.64,0.07,0.08,1793.69995117,80.44000244
2021-10-14,66.37000275,67.07333374,66.29666901,66.87999725,2102400,0.08,1.1591,16.86,0.07,0.08,1796.69995117,81.30999756
2021-10-15,67.13999939,67.80666351,66.77666473,67.67333221,2285400,0.08,1.1594,16.3,0.07,0.08,1767.19995117,82.27999878
2021-10-18,67.60666656,68.17333221,67.27666473,67.83000183,2098500,0.08,1.1609,16.31,0.07,0.08,1764.80004883,82.44000244
2021-10-19,68.00333405,69.62000275,68.0,69.62000275,2814600,0.08,1.1632,15.7,0.08,0.08,1769.69995117,82.95999908
2021-10-20,69.55999756,69.93333435,65.58333588,66.38666534,7260000,0.08,1.1643,15.49,0.08,0.08,1784.09997559,83.87000275
2021-10-21,66.30999756,67.31666565,65.55332947,66.28666687,3852900,0.08,1.1643,15.01,0.06,0.08,1781.19995117,82.5
2021-10-22,66.44667053,67.3133316,66.44333649,67.23999786,1868100,0.08,1.1632,15.43,0.06,0.08,1795.5,83.76000214
2021-10-25,67.14666748,67.25666809,65.96333313,67.16666412,1920600,0.08,1.1609,15.24,0.07,0.08,1806.0,83.76000214
2021-10-26,67.4366684,68.10333252,66.68000031,67.16000366,2506800,0.08,1.159,15.98,0.08,0.08,1792.69995117,84.65000153
2021-10-27,67.01667023,67.94333649,66.66666412,67.46333313,2015700,0.08,1.16,16.98,0.07,0.08,1797.90002441,82.66000366
2021-10-28,67.40000153,69.00666809,67.37666321,69.00333405,1959900,0.08,1.1685,16.53,0.07,0.08,1801.59997559,82.80999756
2021-10-29,68.87999725,70.22000122,68.71333313,69.95666504,2027700,0.08,1.1552,16.26,0.08,0.07,1783.0,83.56999969
2021-11-01,70.34333038,70.55332947,68.87999725,69.96666718,2173200,0.08,1.1591,16.41,0.09,0.08,1795.09997559,84.05000305
2021-11-02,70.08999634,71.15666962,69.76000214,70.40666962,2320800,0.08,1.1581,16.03,0.1,0.08,1788.69995117,83.91000366
2021-11-03,70.19667053,70.61000061,68.94000244,69.82666779,2142600,0.08,1.1584,15.1,0.09,0.08,1763.59997559,80.86000061
2021-11-04,70.44999695,70.93333435,69.92666626,70.75666809,1514700,0.08,1.1546,15.44,0.1,0.08,1793.0,78.80999756
2021-11-05,71.13999939,71.65333557,70.62999725,70.94333649,1725000,0.08,1.1554,16.48,0.09,0.08,1816.40002441,81.26999664
2021-11-08,71.3666687,71.40666962,69.84666443,70.5633316,1698300,0.08,1.159,17.22,0.09,0.08,1827.40002441,81.93000031
2021-11-09,70.71666718,70.87333679,70.03333282,70.26999664,1930200,0.08,1.1589,17.78,0.11,0.08,1830.19995117,84.15000153
2021-11-10,70.05000305,70.26999664,68.81999969,69.12666321,1940700,0.08,1.1517,18.73,0.1,0.08,1847.59997559,81.33999634
2021-11-11,69.3833313,69.59666443,68.54333496,68.73332977,2916300,0.08,1.1517,17.66,0.1,0.08,1863.19995117,81.58999634
2021-11-12,69.20333099,69.75666809,68.16000366,69.47333527,3861900,0.08,1.1443,16.29,0.11,0.08,1867.90002441,80.79000092
2021-11-15,69.69999695,70.44667053,69.60333252,69.91000366,1555500,0.08,1.1421,16.49,0.11,0.08,1866.09997559,80.87999725
2021-11-16,69.85333252,71.21666718,69.66666412,70.65666962,1454700,0.08,1.1333,16.37,0.11,0.08,1853.59997559,80.76000214
2021-11-17,70.91666412,71.08999634,69.54000092,69.98000336,2127000,0.08,1.1322,17.11,0.11,0.08,1869.69995117,78.36000061
2021-11-18,70.37999725,70.46666718,69.33999634,69.56666565,1633500,0.08,1.1358,17.59,0.11,0.08,1861.0,79.01000214
2021-11-19,69.66999817,69.80332947,69.11333466,69.25666809,1731600,0.08,1.1318,17.91,0.11,0.08,1851.19995117,76.09999847
2021-11-22,69.49333191,70.15333557,69.16333008,69.23000336,1668900,0.08,1.126,19.17,0.12,0.08,1806.0,76.75
2021-11-23,69.20333099,69.44667053,68.01000214,69.30332947,1501800,0.08,1.1265,19.38,0.12,0.08,1783.5,78.5
2021-11-24,68.75333405,69.59666443,68.57666779,69.53333282,1800000,0.08,1.1196,18.58,0.12,0.08,1784.09997559,78.38999939
2021-11-25,68.75333405,69.59666443,68.57666779,69.53333282,1800000,0.08,1.1196,18.58,0.12,0.08,1784.09997559,78.38999939
2021-11-26,68.61000061,69.26000214,67.68000031,67.89333344,1696800,0.08,1.1302,28.62,0.12,0.08,1785.30004883,68.15000153
2021-11-29,68.88999939,70.1166687,68.60333252,69.69333649,2698800,0.08,1.1261,22.96,0.11,0.08,1782.30004883,69.94999695
2021-11-30,69.24333191,69.66000366,67.56666565,67.74333191,3472200,0.08,1.1287,27.19,0.12,0.07,1773.59997559,66.18000031
2021-12-01,68.59333038,68.60333252,66.29666901,66.34333038,2614800,0.08,1.1323,31.12,0.11,0.08,1781.59997559,65.56999969
2021-12-02,66.67333221,67.69333649,66.03333282,67.07666779,2822100,0.08,1.1306,27.95,0.13,0.08,1760.69995117,66.5
2021-12-03,67.69333649,67.97000122,65.3833313,66.70666504,2648400,0.08,1.1308,30.67,0.13,0.08,1782.0,66.26000214
2021-12-06,66.90000153,66.98999786,65.34666443,65.99333191,3076200,0.08,1.1282,27.18,0.13,0.08,1777.5,69.48999786
2021-12-07,67.11000061,68.6166687,66.69999695,68.51667023,2503200,0.08,1.1247,21.89,0.14,0.08,1782.59997559,72.05000305
2021-12-08,68.66666412,69.23000336,68.15333557,69.12999725,1546200,0.08,1.133,19.9,0.13,0.08,1783.40002441,72.36000061
2021-12-09,69.09666443,69.21666718,68.01999664,68.04666901,1154100,0.08,1.1285,21.58,0.14,0.08,1774.59997559,70.94000244
2021-12-10,68.73666382,68.73666382,67.67333221,68.59333038,1141500,0.08,1.1312,18.69,0.14,0.08,1782.90002441,71.66999817
2021-12-13,68.72666931,69.09999847,68.06999969,68.49333191,1860300,0.08,1.1298,20.31,0.15,0.08,1786.30004883,71.29000092
2021-12-14,67.8133316,68.1166687,65.87333679,66.57666779,3169500,0.08,1.1267,21.89,0.16,0.08,1770.40002441,70.73000336
2021-12-15,66.8133316,67.36333466,66.23332977,67.34333038,2519400,0.08,1.1261,19.29,0.16,0.08,1762.59997559,70.87000275
2021-12-16,67.97666931,68.8833313,67.59999847,67.8833313,3040500,0.08,1.1309,20.57,0.16,0.08,1796.59997559,72.37999725
2021-12-17,67.56666565,67.80666351,66.58333588,67.02333069,2719200,0.08,1.1277,21.57,0.16,0.08,1803.80004883,70.86000061
2021-12-20,66.13666534,66.54333496,65.25333405,66.16666412,1519800,0.08,1.1298,22.87,0.14,0.08,1793.69995117,68.23000336
2021-12-21,66.69333649,67.47333527,66.53333282,67.41333008,1280700,0.08,1.1272,21.01,0.15,0.08,1787.90002441,71.12000275
2021-12-22,67.41999817,68.1166687,67.15333557,68.06666565,1792200,0.08,1.1324,18.63,0.13,0.08,1801.59997559,72.76000214
2021-12-23,68.33333588,68.91000366,68.16666412,68.47333527,1780800,0.08,1.132,17.96,0.14,0.08,1811.19995117,73.79000092
2021-12-24,68.33333588,68.91000366,68.16666412,68.47333527,1780800,0.08,1.132,17.96,0.14,0.08,1811.19995117,73.79000092
2021-12-27,68.76667023,69.66666412,68.61333466,69.66000366,1978800,0.08,1.1329,17.68,0.14,0.08,1808.09997559,75.56999969
2021-12-28,69.90333557,70.23000336,69.66333008,69.91000366,1168500,0.08,1.1314,17.54,0.14,0.08,1810.19995117,75.98000336
2021-12-29,70.08999634,70.55332947,69.88666534,69.98999786,812100,0.08,1.1337,16.95,0.17,0.08,1805.09997559,76.55999756
2021-12-30,70.01333618,70.47000122,69.60333252,69.70333099,998700,0.08,1.1318,17.33,0.16,0.08,1812.69995117,76.98999786
2021-12-31,69.66666412,70.44667053,69.53333282,70.00333405,1168500,0.08,1.1318,17.22,0.15,0.07,1827.5,75.20999908
2022-01-01,69.66666412,70.44667053,69.53333282,70.00333405,1168500,0.08,1.1318,17.22,0.15,0.07,1827.5,75.20999908
2022-01-03,70.29000092,70.29000092,66.90666962,67.48666382,3190500,0.08,1.129,16.6,0.15,0.08,1799.40002441,76.08000183
2022-01-04,66.70333099,67.27999878,65.16999817,65.79666901,4026600,0.08,1.1296,16.91,0.14,0.08,1814.0,76.98999786
2022-01-05,66.00333405,66.20999908,64.97000122,65.00666809,3562800,0.08,1.1335,19.73,0.14,0.08,1824.59997559,77.84999847
2022-01-06,64.85666656,65.26667023,63.74333191,65.15333557,3145200,0.08,1.1307,19.61,0.13,0.08,1788.69995117,79.45999908
2022-01-07,64.76999664,65.0,63.68000031,64.50333405,2290500,0.08,1.1358,18.76,0.14,0.08,1797.0,78.90000153
2022-01-10,63.94666672,64.31666565,61.95333481,63.04000092,5330400,0.08,1.1328,19.4,0.11,0.08,1798.40002441,78.23000336
2022-01-11,63.15333176,64.24333191,62.28333282,64.1866684,2305200,0.08,1.1363,18.41,0.12,0.08,1818.59997559,81.22000122
2022-01-12,64.48000336,64.93000031,64.20666504,64.41333008,1648800,0.08,1.1431,17.62,0.12,0.08,1827.19995117,82.63999939
2022-01-13,64.44999695,64.72333527,62.25,62.4066658,4106100,0.08,1.1464,20.31,0.12,0.08,1821.19995117,82.12000275
2022-01-14,61.88999939,62.22999954,61.11000061,62.04666519,4946700,0.08,1.1414,19.19,0.11,0.08,1816.5,83.81999969
2022-01-17,61.88999939,62.22999954,61.11000061,62.04666519,4946700,0.08,1.1414,19.19,0.11,0.08,1816.5,83.81999969
2022-01-18,61.1566658,61.69333267,60.73666763,61.25999832,4256700,0.08,1.1336,22.79,0.08,0.08,1812.30004883,85.43000031
2022-01-19,61.40333176,61.66666794,60.29666519,60.36999893,4621800,0.08,1.1346,23.85,0.09,0.08,1843.09997559,86.95999908
2022-01-20,60.52666855,61.66666794,59.88000107,59.99000168,3063300,0.08,1.1336,25.59,0.08,0.08,1842.5,86.90000153
2022-01-21,59.67666626,60.21666718,58.78333282,58.97333145,4222200,0.08,1.1346,28.85,0.09,0.08,1831.80004883,85.13999939
2022-01-24,58.12666702,58.86333466,55.83333206,58.77666855,5160300,0.08,1.131,29.9,0.09,0.08,1841.69995117,83.30999756
2022-01-25,57.74000168,58.85666656,57.21666718,58.32666779,4204200,0.08,1.1283,31.16,0.09,0.08,1852.69995117,85.59999847
2022-01-26,58.84666824,59.06000137,55.60333252,56.5,5049600,0.08,1.1279,31.96,0.09,0.08,1829.90002441,87.34999847
2022-01-27,58.25999832,58.74333191,56.85333252,57.4366684,4951800,0.08,1.1141,30.49,0.09,0.08,1793.30004883,86.61000061
2022-01-28,57.4366684,58.25999832,56.57666779,58.22000122,3065700,0.08,1.116,27.66,0.09,0.08,1784.90002441,86.81999969
2022-01-31,58.44666672,59.89333344,58.33333206,59.73666763,3019800,0.08,1.1212,24.83,0.09,0.08,1795.0,88.15000153
2022-02-01,59.92333221,60.25,59.3133316,60.04333115,2695800,0.08,1.1239,21.96,0.09,0.08,1800.30004883,88.19999695
2022-02-02,60.25999832,60.91999817,60.18999863,60.79333115,2465700,0.08,1.1299,22.09,0.09,0.08,1809.19995117,88.26000214
2022-02-03,60.07333374,60.33333206,59.28666687,59.3433342,1924800,0.08,1.1425,24.35,0.09,0.08,1803.0,90.26999664
2022-02-04,59.24666595,60.28666687,59.08666611,59.54000092,2460000,0.08,1.1455,23.22,0.09,0.08,1806.59997559,92.30999756
2022-02-07,60.22000122,60.33333206,59.33333206,59.52999878,2674800,0.08,1.1434,22.86,0.09,0.08,1820.59997559,91.31999969
2022-02-08,59.25666809,59.50666809,58.2266655,59.28666687,2181900,0.08,1.1416,21.44,0.09,0.08,1826.59997559,89.36000061
2022-02-09,60.02999878,60.90333176,59.40000153,59.8833313,2967300,0.08,1.1435,19.96,0.09,0.08,1835.19995117,89.66000366
2022-02-10,58.83000183,60.20333481,58.56000137,59.06000137,2574000,0.08,1.1487,23.91,0.09,0.08,1836.19995117,89.87999725
2022-02-11,59.0633316,59.19666672,57.29333115,57.45666885,3304800,0.08,1.1404,27.36,0.09,0.08,1840.80004883,93.09999847
2022-02-14,57.54666519,57.86333466,56.91666794,57.31000137,2857800,0.08,1.1306,28.33,0.09,0.08,1868.0,95.45999908
2022-02-15,58.32666779,58.77999878,58.08333206,58.34666824,2357400,0.08,1.1363,25.7,0.09,0.08,1854.80004883,92.06999969
2022-02-16,58.1566658,58.50999832,57.74333191,58.22000122,2034300,0.08,1.1381,24.29,0.09,0.08,1870.19995117,93.66000366
2022-02-17,57.95666885,58.04333115,57.20666885,57.29333115,2166600,0.08,1.1364,28.11,0.09,0.08,1900.69995117,91.76000214
2022-02-18,57.2733345,57.74000168,56.7266655,57.18000031,4691400,0.08,1.1327,27.75,0.09,0.08,1898.59997559,91.06999969
2022-02-21,57.2733345,57.74000168,56.7266655,57.18000031,4691400,0.08,1.1327,27.75,0.09,0.08,1898.59997559,91.06999969
2022-02-22,56.17333221,57.25333405,56.11000061,56.32333374,3182100,0.08,1.1342,28.81,0.09,0.08,1906.09997559,92.34999847
2022-02-23,56.72333145,57.20333481,55.87333298,56.0633316,2626500,0.08,1.1316,31.02,0.09,0.08,1909.19995117,92.09999847
2022-02-24,53.77000046,56.98666763,53.66666794,56.72999954,3605400,0.08,1.1154,30.32,0.09,0.08,1925.09997559,92.80999756
2022-02-25,56.95333481,57.73666763,56.81666565,57.57333374,2863800,0.08,1.1261,27.59,0.09,0.08,1886.5,91.58999634
2022-02-28,56.87333298,57.58666611,56.52999878,57.04999924,3267000,0.08,1.1224,30.15,0.09,0.08,1899.40002441,95.72000122
2022-03-01,56.99666595,57.37666702,56.31999969,56.66333389,2320800,0.2,1.1103,33.32,0.09,0.08,1942.40002441,103.41000366
2022-03-02,57.12333298,57.90999985,56.82666779,57.35666656,2321700,0.2,1.1102,30.74,0.09,0.08,1920.90002441,110.59999847
2022-03-03,57.76333237,57.90333176,57.02999878,57.49333191,1732800,0.2,1.1053,30.48,0.09,0.08,1934.40002441,107.66999817
2022-03-04,57.15999985,57.2266655,56.37333298,57.17666626,3417900,0.2,1.0912,31.98,0.09,0.08,1965.09997559,115.68000031
2022-03-07,57.10666656,57.33333206,56.0233345,56.12333298,3663000,0.2,1.086,36.45,0.09,0.08,1993.90002441,119.40000153
2022-03-08,55.75333405,56.31000137,54.14666748,55.0,4746600,0.2,1.0881,35.13,0.09,0.08,2040.09997559,123.69999695
2022-03-09,56.13666534,56.56999969,55.51666641,56.22333145,2674500,0.2,1.1069,32.45,0.09,0.08,1985.90002441,108.69999695
2022-03-10,55.45333481,55.76666641,54.19333267,55.49333191,2637600,0.2,1.1007,30.23,0.09,0.08,1998.09997559,106.01999664
2022-03-11,56.02000046,56.15333176,54.93999863,54.95666885,2118600,0.2,1.0937,30.75,0.09,0.08,1982.69995117,109.33000183
2022-03-14,55.36333466,55.92333221,55.07333374,55.52666855,3189000,0.2,1.0979,31.77,0.09,0.08,1959.59997559,103.01000214
2022-03-15,55.95999908,56.68000031,55.6566658,56.52666855,2120400,0.2,1.0974,29.83,0.09,0.08,1928.5,96.44000244
2022-03-16,56.92666626,58.03333282,56.47333145,57.7733345,1757400,0.2,1.0996,26.67,0.09,0.08,1908.0,95.04000092
2022-03-17,57.76666641,58.71666718,57.6333313,58.70000076,1538700,0.2,1.111,25.67,0.09,0.33,1942.09997559,102.98000336
2022-03-18,58.88000107,59.97333145,58.72999954,59.74333191,2848800,0.2,1.1044,23.87,0.09,0.33,1928.19995117,104.69999695
2022-03-21,59.74333191,59.81999969,58.8833313,59.21333313,1571400,0.2,1.1048,23.53,0.09,0.33,1928.59997559,112.12000275
2022-03-22,59.33333206,59.4766655,58.64666748,59.16999817,2064000,0.2,1.1022,22.94,0.09,0.33,1920.69995117,111.76000214
2022-03-23,59.04999924,59.04999924,58.00999832,58.04666519,1488300,0.2,1.1001,23.57,0.09,0.33,1936.59997559,114.93000031
2022-03-24,58.22333145,58.43000031,57.78333282,58.20999908,1007700,0.2,1.1006,21.67,0.09,0.33,1961.59997559,112.33999634
2022-03-25,58.4366684,58.67333221,58.06666565,58.42666626,1391100,0.2,1.0985,20.81,0.09,0.33,1953.80004883,113.90000153
2022-03-28,58.3433342,59.21333313,58.34000015,59.18000031,1322700,0.2,1.0977,19.63,0.09,0.33,1939.59997559,105.95999908
2022-03-29,59.58000183,60.70000076,59.57333374,60.43999863,2312100,0.2,1.1104,18.9,0.09,0.33,1912.0,104.23999786
2022-03-30,60.31999969,60.93333435,60.06666565,60.62666702,2478300,0.2,1.1163,19.33,0.09,0.33,1933.5,107.81999969
2022-03-31,60.8666687,61.29333115,59.29333115,59.40000153,3237600,0.2,1.1093,20.56,0.09,0.33,1949.19995117,100.27999878
2022-04-01,59.93999863,60.69333267,59.38666534,60.63999939,1910400,0.33,1.1043,19.63,0.09,0.33,1919.09997559,99.26999664
2022-04-04,60.74333191,61.1166687,60.33333206,60.78666687,2622300,0.33,1.0992,18.57,0.09,0.33,1929.19995117,103.27999878
2022-04-05,60.63999939,61.5633316,60.57333374,60.68000031,2528100,0.33,1.0921,21.03,0.09,0.33,1922.90002441,101.95999908
2022-04-06,60.1333313,61.38999939,59.85666656,61.19333267,2649900,0.33,1.0913,22.1,0.09,0.33,1918.40002441,96.23000336
2022-04-07,60.95000076,61.28666687,60.54333115,61.0,1977600,0.33,1.09,21.55,0.09,0.33,1933.80004883,96.02999878
2022-04-08,61.3133316,61.49000168,60.77000046,61.13999939,1729800,0.33,1.0874,21.16,0.09,0.33,1941.59997559,98.26000214
2022-04-11,60.79333115,61.07666779,59.72999954,60.77666855,2455200,0.33,1.0875,24.37,0.09,0.33,1944.30004883,94.29000092
2022-04-12,61.03333282,61.43000031,59.73333359,60.02000046,2004900,0.33,1.0852,24.26,0.09,0.33,1972.09997559,100.59999847
2022-04-13,60.15999985,60.59999847,59.66666794,60.46333313,1190400,0.33,1.0874,21.82,0.09,0.33,1981.0,104.25
2022-04-14,60.56999969,60.79000092,59.4766655,59.51666641,1279800,0.33,1.0796,22.7,0.09,0.33,1970.90002441,106.94999695
2022-04-15,60.56999969,60.79000092,59.4766655,59.51666641,1279800,0.33,1.0812,22.7,0.09,0.33,1970.90002441,106.94999695
2022-04-18,59.17666626,59.61333466,58.8833313,59.44666672,1360200,0.33,1.0785,22.17,0.09,0.33,1982.90002441,108.20999908
2022-04-19,59.26333237,60.40000153,59.26333237,60.34666824,1891200,0.33,1.0789,21.37,0.09,0.33,1955.69995117,102.55999756
2022-04-20,59.83333206,59.83333206,57.24333191,57.60333252,3783900,0.33,1.0857,20.32,0.09,0.33,1952.30004883,102.75
2022-04-21,57.70333481,57.87333298,56.23333359,56.47999954,3123300,0.33,1.0839,22.68,0.09,0.33,1944.90002441,103.79000092
2022-04-22,56.39666748,56.7266655,55.58666611,55.6166687,2491200,0.33,1.079,28.21,0.09,0.33,1931.0,102.06999969
2022-04-25,55.33666611,55.79666519,54.90000153,55.54666519,3533400,0.33,1.0703,27.02,0.09,0.33,1893.19995117,98.54000092
2022-04-26,55.53333282,55.69333267,53.8666687,53.88999939,2699700,0.33,1.0661,33.52,0.09,0.33,1901.40002441,101.69999695
2022-04-27,53.77666855,54.47999954,53.28333282,53.34999847,6241500,0.33,1.0549,31.6,0.09,0.33,1885.90002441,102.01999664
2022-04-28,53.53666687,54.41333389,53.14333344,54.18333435,4019700,0.33,1.05,29.99,0.09,0.33,1888.69995117,105.36000061
2022-04-29,53.90999985,54.02666855,52.35333252,52.45666885,2777700,0.33,1.0537,33.4,0.09,0.33,1909.30004883,104.69000244
2022-05-01,53.90999985,54.02666855,52.35333252,52.45666885,2777700,0.77,1.0537,33.4,0.09,0.33,1909.30004883,104.69000244
2022-05-02,52.41666794,52.92666626,51.11333466,52.22999954,2764800,0.77,1.0521,32.34,0.09,0.33,1861.80004883,105.16999817
2022-05-03,52.05333328,52.93999863,52.03333282,52.61333466,2318400,0.77,1.0532,29.25,0.09,0.33,1868.80004883,102.41000366
2022-05-04,52.59999847,53.46666718,52.1166687,53.3666687,4362900,0.77,1.0539,25.42,0.09,0.33,1867.0,107.80999756
2022-05-05,52.94666672,53.25999832,51.18000031,51.6333313,2554500,0.77,1.0507,31.2,0.09,0.83,1874.0,108.26000214
2022-05-06,51.30666733,51.4066658,50.18999863,50.76333237,2025000,0.77,1.0572,30.19,0.09,0.83,1881.19995117,109.76999664
2022-05-09,50.19666672,50.21666718,48.56666565,48.7266655,2208600,0.77,1.0559,34.75,0.09,0.83,1857.09997559,103.08999634
2022-05-10,49.52666855,49.95666885,48.06999969,48.5933342,3365400,0.77,1.0531,32.99,0.09,0.83,1839.90002441,99.76000214
2022-05-11,48.34666824,49.11333466,47.70999908,47.74333191,2997600,0.77,1.0537,32.56,0.09,0.83,1852.59997559,105.70999908
2022-05-12,47.53333282,48.42333221,47.07333374,48.11000061,2364300,0.77,1.0376,31.77,0.09,0.83,1823.80004883,106.12999725
2022-05-13,48.42333221,49.50666809,48.42333221,49.16333389,2565600,0.77,1.041,28.87,0.09,0.83,1807.40002441,110.48999786
2022-05-16,49.09999847,49.2266655,48.50333405,48.70999908,1954800,0.77,1.042,27.47,0.09,0.83,1813.5,114.19999695
2022-05-17,49.54666519,49.75333405,49.11000061,49.59666824,2902500,0.77,1.0532,26.1,0.09,0.83,1818.19995117,112.40000153
2022-05-18,49.28666687,49.28666687,47.20999908,47.36333466,2166600,0.77,1.0494,30.96,0.09,0.83,1815.90002441,109.58999634
2022-05-19,46.96666718,47.92333221,46.77000046,47.69333267,3315300,0.77,1.0587,29.35,0.09,0.83,1841.19995117,112.20999908
2022-05-20,48.08666611,48.77999878,47.84666824,48.70999908,5956500,0.77,1.0559,29.43,0.09,0.83,1841.80004883,113.23000336
2022-05-23,49.15000153,49.47999954,48.57333374,49.23666763,2484600,0.77,1.0668,28.48,0.09,0.83,1847.80004883,110.29000092
2022-05-24,48.81000137,49.08666611,48.03333282,48.87666702,2338800,0.77,1.0744,29.45,0.09,0.83,1865.09997559,109.76999664
2022-05-25,48.74000168,49.46333313,48.56666565,49.16666794,2639700,0.77,1.0658,28.37,0.09,0.83,1846.19995117,110.33000183
2022-05-26,49.40333176,50.51666641,49.16999817,50.31000137,2370600,0.77,1.0725,27.5,0.09,0.83,1847.40002441,114.08999634
2022-05-27,50.84000015,51.89666748,50.39333344,51.88000107,2790000,0.77,1.0709,25.72,0.09,0.83,1851.30004883,115.06999969
2022-05-30,50.84000015,51.89666748,50.39333344,51.88000107,2790000,0.77,1.0709,26.54,0.09,0.83,1851.30004883,115.06999969
2022-05-31,51.43000031,52.12333298,51.32666779,51.75333405,4908600,0.77,1.0731,26.19,0.09,0.83,1842.69995117,114.66999817
2022-06-01,51.8133316,52.13000107,50.7266655,50.75666809,1746000,1.21,1.0646,25.69,0.09,0.83,1843.30004883,115.26000214
2022-06-02,50.86999893,51.60666656,50.47000122,51.60333252,2674200,1.21,1.0733,24.72,0.09,0.83,1866.5,116.87000275
2022-06-03,51.3666687,51.49333191,50.90999985,51.35666656,1748100,1.21,1.0721,24.79,0.09,0.83,1845.40002441,118.87000275
2022-06-06,51.74333191,52.24666595,51.1866684,51.36999893,2028000,1.21,1.0699,25.07,0.09,0.83,1839.19995117,118.5
2022-06-07,50.95333481,51.59999847,50.79666519,51.58666611,1667700,1.21,1.0697,24.02,0.09,0.83,1847.5,119.41000366
2022-06-08,51.39666748,52.10666656,51.10333252,51.30333328,2175000,1.21,1.074,23.96,0.09,0.83,1851.90002441,122.11000061
2022-06-09,51.08000183,51.57333374,50.83666611,50.91666794,2419800,1.21,1.0656,26.09,0.09,0.83,1848.80004883,121.51000214
2022-06-10,50.4366684,50.63666534,49.58333206,50.0633316,3722100,1.21,1.0521,27.75,0.09,0.83,1871.5,120.66999817
2022-06-13,48.91999817,49.47999954,48.29000092,48.95333481,3696600,1.21,1.0436,34.02,0.09,0.83,1828.0,120.93000031
2022-06-14,49.04999924,49.07333374,48.06000137,48.62333298,4787400,1.21,1.0416,32.69,0.09,0.83,1809.5,118.93000031
2022-06-15,48.77666855,50.53666687,48.74666595,49.97333145,3161400,1.21,1.0388,29.62,0.09,0.83,1815.30004883,115.30999756
2022-06-16,49.31000137,49.77999878,48.75333405,49.51666641,3531300,1.21,1.0531,32.95,0.09,1.58,1845.69995117,117.58999634
2022-06-17,49.47333145,50.18999863,49.20000076,49.6166687,7043100,1.21,1.0473,31.13,0.09,1.58,1835.59997559,109.55999756
2022-06-20,49.47333145,50.18999863,49.20000076,49.6166687,7043100,1.21,1.0473,31.03,0.09,1.58,1835.59997559,109.55999756
2022-06-21,50.0,51.1866684,50.0,50.87666702,3176100,1.21,1.0548,30.19,0.09,1.58,1834.59997559,110.65000153
2022-06-22,50.46666718,51.6566658,50.0,51.20333481,2798400,1.21,1.0583,28.95,0.09,1.58,1834.30004883,106.19000244
2022-06-23,51.57666779,52.87666702,51.41333389,52.75333405,4616400,1.21,1.0503,29.05,0.09,1.58,1825.69995117,104.26999664
2022-06-24,53.04000092,53.33333206,52.61000061,53.0933342,4764000,1.21,1.0539,27.23,0.09,1.58,1826.5,107.62000275
2022-06-27,53.27000046,53.32333374,52.50333405,52.64333344,2247000,1.21,1.0601,26.95,0.09,1.58,1820.90002441,109.56999969
2022-06-28,52.64333344,53.11333466,51.52000046,51.55333328,1933200,1.21,1.0534,28.36,0.09,1.58,1817.5,111.76000214
2022-06-29,51.51666641,51.67333221,50.63000107,51.02000046,2322300,1.21,1.0477,28.16,0.09,1.58,1813.69995117,109.77999878
2022-06-30,50.51666641,51.34666824,50.33000183,50.84666824,2358000,1.21,1.0469,28.71,0.09,1.58,1804.09997559,105.76000214
2022-07-01,50.77000046,52.04333115,50.66333389,51.86333466,2646900,1.68,1.0409,26.7,0.09,1.58,1798.90002441,108.43000031
2022-07-04,50.77000046,52.04333115,50.66333389,51.86333466,2646900,1.68,1.0409,27.53,0.09,1.58,1798.90002441,108.43000031
2022-07-05,51.66999817,52.58000183,51.20000076,52.49666595,2408700,1.68,1.0254,27.54,0.09,1.58,1761.80004883,99.5
2022-07-06,52.73666763,53.30666733,52.16333389,52.26333237,2733600,1.68,1.0173,26.73,0.09,1.58,1734.90002441,98.52999878
2022-07-07,52.17333221,52.6333313,51.93000031,52.23333359,2158800,1.68,1.0159,26.08,0.09,1.58,1737.90002441,102.73000336
2022-07-08,52.15333176,52.49333191,51.79333115,52.1866684,2105400,1.68,1.0178,24.64,0.09,1.58,1740.59997559,104.79000092
2022-07-11,52.00999832,52.76666641,51.80666733,52.54333115,1981800,1.68,1.0088,26.17,0.09,1.58,1730.0,104.08999634
2022-07-12,52.5933342,53.32333374,51.43999863,51.59000015,3583500,1.68,1.0069,27.29,0.09,1.58,1723.30004883,95.83999634
2022-07-13,50.79000092,51.75333405,50.7733345,51.44666672,1594200,1.68,1.0081,26.82,0.09,1.58,1734.19995117,96.30000305
2022-07-14,50.7733345,51.33666611,50.51333237,51.17333221,1887600,1.68,1.0028,26.4,0.09,1.58,1704.5,95.77999878
2022-07-15,51.43333435,52.36333466,51.43333435,52.35666656,1929000,1.68,1.0089,24.23,0.09,1.58,1702.40002441,97.58999634
2022-07-18,52.58666611,52.81999969,51.43000031,51.5933342,2061300,1.68,1.016,25.3,0.09,1.58,1709.19995117,102.59999847
2022-07-19,52.1566658,53.28333282,51.98333359,53.10666656,2206800,1.68,1.0238,24.5,0.09,1.58,1710.0,104.22000122
2022-07-20,54.17666626,56.66333389,54.16666794,56.34666824,4931700,1.68,1.0217,23.88,0.09,1.58,1699.5,102.26000214
2022-07-21,56.53333282,58.01666641,56.14333344,58.0,3719700,1.68,1.0197,23.11,0.09,1.58,1712.69995117,96.34999847
2022-07-22,58.0233345,58.29999924,57.15999985,57.53333282,4148700,1.68,1.0225,23.03,0.09,1.58,1727.09997559,94.69999695
2022-07-25,57.58000183,57.99666595,56.92666626,57.33333206,2984100,1.68,1.0211,23.36,0.09,1.58,1719.0,96.69999695
2022-07-26,56.95999908,57.75666809,56.66666794,57.66999817,3321000,1.68,1.0116,24.69,0.09,1.58,1717.69995117,94.98000336
2022-07-27,57.99333191,58.33333206,57.60666656,57.99666595,2544000,1.68,1.0108,23.24,0.09,1.58,1719.09997559,97.26000214
2022-07-28,58.13666534,60.08666611,57.97333145,59.80666733,3229200,1.68,1.0163,22.33,0.09,2.33,1750.30004883,96.41999817
2022-07-29,59.72333145,60.44666672,59.56000137,60.29999924,2257500,1.68,1.0202,21.33,0.09,2.32,1762.90002441,98.62000275
2022-08-01,59.75999832,60.26666641,59.43000031,59.61999893,1902600,2.33,1.027,22.84,0.09,2.33,1769.0,93.88999939
2022-08-02,59.38999939,59.90333176,59.0633316,59.5633316,2003400,2.33,1.0194,23.93,0.09,2.33,1771.09997559,94.41999817
2022-08-03,59.69333267,60.24000168,59.45999908,60.05666733,1860000,2.33,1.0146,21.95,0.09,2.33,1758.0,90.66000366
2022-08-04,60.24333191,61.04000092,60.21666718,60.93000031,1961100,2.33,1.0221,21.44,0.09,2.33,1788.5,88.54000092
2022-08-05,60.50333405,60.9366684,60.13999939,60.68999863,1461300,2.33,1.017,21.15,0.09,2.33,1772.90002441,89.01000214
2022-08-08,60.69666672,61.31999969,60.58333206,60.95000076,1031400,2.33,1.0207,21.29,0.09,2.33,1786.80004883,90.76000214
2022-08-09,60.79666519,61.16666794,60.66999817,61.05666733,1349700,2.33,1.0226,21.77,0.09,2.33,1794.0,90.5
2022-08-10,61.75999832,62.42333221,61.68000031,62.20000076,2002500,2.33,1.0337,19.74,0.09,2.33,1795.59997559,91.93000031
2022-08-11,62.41999817,62.65999985,61.97999954,62.18999863,1325400,2.33,1.0338,20.2,0.09,2.33,1789.69995117,94.33999634
2022-08-12,62.78666687,63.51333237,62.40999985,63.47333145,1431900,2.33,1.0257,19.53,0.09,2.33,1798.59997559,92.08999634
2022-08-15,63.24666595,64.78333282,63.0,63.98333359,2126100,2.33,1.0186,19.95,0.09,2.33,1781.40002441,89.41000366
2022-08-16,63.89666748,63.98333359,63.1566658,63.86333466,1927800,2.33,1.0174,19.69,0.09,2.33,1773.19995117,86.52999878
2022-08-17,63.78666687,64.79000092,63.63999939,64.59333038,1908000,2.33,1.0164,19.9,0.09,2.33,1760.30004883,88.11000061
2022-08-18,64.46666718,64.66333008,63.53666687,64.04000092,1774200,2.33,1.0114,19.56,0.09,2.33,1755.30004883,90.5
2022-08-19,63.45000076,63.45000076,62.11999893,62.36999893,2967900,2.33,1.0039,20.6,0.09,2.33,1747.59997559,90.76999664
2022-08-22,62.04333115,62.5933342,61.6866684,61.94333267,1828500,2.33,0.9936,23.8,0.09,2.33,1734.0,90.23000336
2022-08-23,61.39333344,61.79666519,61.04333115,61.43999863,1870200,2.33,0.9976,24.11,0.09,2.33,1746.80004883,93.73999786
2022-08-24,61.48333359,62.21666718,61.43999863,62.07333374,2077500,2.33,0.9967,22.82,0.09,2.33,1747.80004883,94.88999939
2022-08-25,62.11999893,62.54666519,61.8666687,62.39666748,992700,2.33,0.9959,21.78,0.09,2.33,1757.69995117,92.51999664
2022-08-26,62.40999985,62.56666565,60.66999817,60.68999863,1778400,2.33,0.9998,25.56,0.09,2.33,1736.09997559,93.05999756
2022-08-29,60.31999969,60.81999969,59.63999939,59.70000076,1743000,2.33,1.0,26.21,0.09,2.33,1736.59997559,97.01000214
2022-08-30,60.15999985,60.45000076,59.36999893,59.59999847,2037700,2.33,1.0018,26.21,0.09,2.33,1723.19995117,91.63999939
2022-08-31,59.90000153,60.25999832,59.34000015,59.52999878,3367400,2.33,1.0065,25.87,0.09,2.33,1712.80004883,89.55000305
2022-09-01,59.02999878,60.06000137,58.79999924,59.99000168,1881900,2.56,0.995,25.56,0.09,2.33,1696.59997559,86.61000061
2022-09-02,60.40999985,61.25,59.5,59.68000031,1570600,2.56,1.003,25.47,0.09,2.33,1709.80004883,86.87000275
2022-09-05,60.40999985,61.25,59.5,59.68000031,1570600,2.56,1.003,25.99,0.09,2.33,1709.80004883,86.87000275
2022-09-06,59.75,60.65999985,59.54000092,60.61999893,1972600,2.56,0.9914,26.91,0.09,2.33,1700.40002441,86.87999725
2022-09-07,60.65999985,62.45999908,60.65999985,62.41999817,1724600,2.56,0.9942,24.64,0.09,2.33,1715.30004883,81.94000244
2022-09-08,62.02000046,63.13999939,61.97999954,63.09000015,2154700,2.56,0.9956,23.61,0.09,2.33,1708.0,83.54000092
2022-09-09,63.09999847,63.58000183,63.0,63.25999832,1276800,2.56,1.0046,22.79,0.09,2.33,1716.19995117,86.79000092
2022-09-12,63.49000168,64.12999725,63.20999908,64.11000061,1693700,2.56,1.0129,23.87,0.09,2.33,1728.09997559,87.77999878
2022-09-13,62.86999893,63.02999878,61.54999924,61.84999847,1615400,2.56,0.9997,27.27,0.09,2.33,1705.0,87.30999756
2022-09-14,62.31000137,62.86000061,61.45999908,62.02999878,1677800,2.56,0.9993,26.16,0.09,2.33,1696.5,88.48000336
2022-09-15,61.79999924,62.20999908,61.02999878,61.11000061,1477000,2.56,0.9991,26.27,0.09,2.33,1665.40002441,85.09999847
2022-09-16,61.04000092,61.15000153,60.13999939,61.00999832,3536900,2.56,1.0013,26.3,0.09,2.33,1671.69995117,85.11000061
2022-09-19,60.50999832,60.83000183,60.20999908,60.72999954,1473000,2.56,1.0003,25.76,0.09,2.33,1666.19995117,85.73000336
2022-09-20,60.36999893,60.56999969,58.79999924,59.20000076,1967700,2.56,0.9994,27.16,0.09,2.33,1659.69995117,84.44999695
2022-09-21,59.70999908,60.41999817,58.56999969,58.56999969,1813000,2.56,0.988,27.99,0.09,2.33,1664.59997559,82.94000244
2022-09-22,58.27999878,58.36999893,56.88999939,57.40000153,1793400,2.56,0.9841,27.35,0.09,3.08,1670.80004883,83.48999786
2022-09-23,57.09999847,57.27999878,56.20000076,56.93000031,1921000,2.56,0.9719,29.92,0.09,3.08,1645.30004883,78.73999786
2022-09-26,56.90000153,57.13999939,56.29000092,56.56999969,1772000,2.56,0.9623,32.26,0.09,3.08,1623.30004883,76.70999908
2022-09-27,57.00999832,57.31000137,56.36999893,56.95999908,1697500,2.56,0.9616,32.6,0.09,3.08,1626.69995117,78.5
2022-09-28,57.25,58.59000015,56.90999985,58.31999969,2006400,2.56,0.9681,30.18,0.09,3.08,1660.40002441,82.15000153
2022-09-29,57.95999908,58.02999878,56.79000092,57.11000061,2177000,2.56,0.9774,31.84,0.09,3.08,1658.5,81.23000336
2022-09-30,57.29000092,58.04000092,56.50999832,56.68000031,2021500,2.56,0.9783,31.62,0.09,3.08,1662.40002441,79.48999786
2022-10-01,57.29000092,58.04000092,56.50999832,56.68000031,2021500,3.08,0.9783,31.62,0.09,3.08,1662.40002441,79.48999786
2022-10-03,56.97000122,58.40000153,56.59999847,58.33000183,1863200,3.08,0.9809,30.1,0.09,3.08,1692.90002441,83.62999725
2022-10-04,59.22000122,59.97000122,59.00999832,59.90000153,1810900,3.08,0.9977,29.07,0.09,3.08,1721.09997559,86.51999664
2022-10-05,59.45000076,60.29999924,58.95999908,59.72000122,1911100,3.08,0.9866,28.55,0.09,3.08,1711.40002441,87.76000214
2022-10-06,59.70000076,60.40000153,59.41999817,59.50999832,1510300,3.08,0.9806,30.52,0.09,3.08,1711.69995117,88.44999695
2022-10-07,58.97999954,59.09999847,57.31000137,57.65999985,1523200,3.08,0.9785,31.36,0.09,3.08,1700.5,92.63999939
2022-10-10,57.93000031,58.0,57.11999893,57.70000076,1154800,3.08,0.9785,32.45,0.09,3.08,1667.30004883,91.12999725
2022-10-11,57.59000015,58.70999908,57.31999969,58.09999847,1906000,3.08,0.9757,33.63,0.09,3.08,1678.69995117,89.34999847
2022-10-12,58.13999939,58.25,57.56000137,57.58000183,1241800,3.08,0.9692,33.57,0.09,3.08,1670.30004883,87.26999664
2022-10-13,56.43999863,58.68000031,55.81999969,58.54999924,2262900,3.08,0.978,31.94,0.09,3.08,1670.0,89.11000061
2022-10-14,57.97000122,58.20999908,54.65999985,54.75,3426300,3.08,0.9739,32.02,0.09,3.08,1641.69995117,85.61000061
2022-10-17,55.47000122,57.40000153,55.47000122,56.75,2744500,3.08,0.9843,31.37,0.09,3.08,1657.0,85.45999908
2022-10-18,57.84000015,58.13000107,56.77000046,57.20999908,2807000,3.08,0.9842,30.5,0.09,3.08,1649.0,82.81999969
2022-10-19,56.97000122,57.47000122,55.5,56.0,2630600,3.08,0.978,30.76,0.09,3.08,1627.5,85.55000305
2022-10-20,56.18999863,57.11999893,55.93999863,56.84000015,2137100,3.08,0.9823,29.98,0.09,3.08,1630.80004883,85.98000336
2022-10-21,56.86000061,57.84999847,56.02000046,57.74000168,2378100,3.08,0.9855,29.69,0.09,3.08,1651.0,85.05000305
2022-10-24,58.04000092,59.47999954,57.93000031,58.77000046,1507000,3.08,0.9874,29.85,0.09,3.08,1648.69995117,84.58000183
2022-10-25,59.15000153,60.68000031,59.13000107,60.54999924,2134200,3.08,0.9959,28.46,0.09,3.08,1652.80004883,85.31999969
2022-10-26,60.68000031,61.15999985,59.93999863,60.02999878,2428600,3.08,1.0068,27.28,0.09,3.08,1664.0,87.91000366
2022-10-27,60.38999939,61.45000076,60.38000107,60.65000153,1643500,3.08,0.9985,27.39,0.09,3.08,1660.69995117,89.08000183
2022-10-28,60.81999969,62.33000183,60.41999817,62.27999878,1583000,3.08,0.9934,25.75,0.09,3.08,1639.59997559,87.90000153
2022-10-31,62.0,62.52000046,61.84999847,62.24000168,2623800,3.08,0.9885,25.88,0.09,3.08,1635.90002441,86.52999878
2022-11-01,62.56999969,62.97000122,61.79999924,62.34999847,1724500,3.78,0.9871,25.81,0.09,3.08,1645.0,88.37000275
2022-11-02,61.81000137,62.75,60.70000076,60.72000122,1857400,3.78,0.9875,25.86,0.09,3.08,1645.69995117,90.0
2022-11-03,60.25999832,62.20999908,60.20999908,61.56999969,1805600,3.78,0.9759,25.3,0.09,3.83,1627.30004883,88.16999817
2022-11-04,61.95999908,62.11999893,60.59999847,61.90000153,1666400,3.78,0.9895,24.55,0.09,3.83,1672.5,92.61000061
2022-11-07,62.09000015,62.45000076,61.5,62.40999985,2047500,3.78,0.9997,24.35,0.09,3.83,1676.5,91.79000092
2022-11-08,62.86000061,65.66000366,62.52999878,64.56999969,3369700,3.78,1.0089,25.54,0.09,3.83,1712.09997559,88.91000366
2022-11-09,64.51000214,65.25,63.47000122,63.61000061,3020100,3.78,1.0037,26.09,0.09,3.83,1710.09997559,85.83000183
2022-11-10,65.25,66.33999634,64.54000092,66.20999908,2351800,3.78,1.0176,23.53,0.09,3.83,1750.30004883,86.47000122
2022-11-11,66.52999878,66.90000153,65.94000244,66.40000153,1797200,3.78,1.0176,22.52,0.09,3.83,1766.0,88.95999908
2022-11-14,66.05999756,67.12000275,65.68000031,66.04000092,1824300,3.78,1.0337,23.73,0.09,3.83,1773.59997559,85.87000275
2022-11-15,66.70999908,66.98999786,64.45999908,64.79000092,2372200,3.78,1.0372,24.54,0.09,3.83,1773.80004883,86.91999817
2022-11-16,64.86000061,65.69000244,64.86000061,65.36000061,1303900,3.78,1.0395,24.11,0.09,3.83,1773.0,85.58999634
2022-11-17,64.84999847,65.08000183,64.05999756,64.86000061,1414200,3.78,1.0341,23.93,0.09,3.83,1760.80004883,81.63999939
2022-11-18,65.48999786,65.63999939,64.63999939,65.51999664,3453500,3.78,1.0349,23.12,0.09,3.83,1751.90002441,80.08000183
2022-11-21,65.55999756,66.25,65.19000244,65.95999908,1468600,3.78,1.0238,22.36,0.09,3.83,1737.40002441,79.73000336
2022-11-22,66.16000366,66.62999725,65.87000275,66.51999664,1876600,3.78,1.0276,21.29,0.09,3.83,1738.30004883,80.94999695
2022-11-23,66.44999695,67.73000336,66.44999695,67.12999725,1170100,3.78,1.0364,20.35,0.09,3.83,1744.90002441,77.94000244
2022-11-24,66.44999695,67.73000336,66.44999695,67.12999725,1170100,3.78,1.0364,20.42,0.09,3.83,1744.90002441,77.94000244
2022-11-25,67.12999725,67.61000061,66.73999786,67.15000153,605000,3.78,1.0402,20.5,0.09,3.83,1753.30004883,76.27999878
2022-11-28,66.80999756,67.18000031,66.19999695,66.26999664,1452800,3.78,1.0386,22.21,0.09,3.83,1740.09997559,77.23999786
2022-11-29,66.15000153,66.73000336,65.93000031,66.09999847,1721600,3.78,1.0356,21.89,0.09,3.83,1748.40002441,78.19999695
2022-11-30,66.27999878,68.91000366,66.12999725,68.45999908,4030800,3.78,1.0323,20.58,0.09,3.83,1746.0,80.55000305
2022-12-01,68.56999969,69.11000061,68.12999725,68.48999786,1089700,4.1,1.0498,19.84,0.09,3.83,1801.09997559,81.22000122
2022-12-02,67.73999786,69.22000122,67.72000122,68.98000336,1129900,4.1,1.0521,19.06,0.09,3.83,1795.90002441,79.98000336
2022-12-05,68.75,68.81999969,67.56999969,67.86000061,1796500,4.1,1.0494,20.75,0.09,3.83,1767.40002441,76.93000031
2022-12-06,67.83999634,68.09999847,66.56999969,67.01000214,2158100,4.1,1.0497,22.17,0.09,3.83,1769.30004883,74.25
2022-12-07,66.90000153,67.47000122,64.69999695,64.83999634,3261800,4.1,1.0505,22.68,0.09,3.83,1785.5,72.01000214
2022-12-08,65.0,65.47000122,63.93999863,64.19000244,2666000,4.1,1.0552,22.29,0.09,3.83,1788.69995117,71.45999908
2022-12-09,63.84999847,64.20999908,63.13999939,63.20000076,2713600,4.1,1.055,22.83,0.09,3.83,1798.09997559,71.01999664
2022-12-12,63.08000183,64.69999695,63.0,64.68000031,2198500,4.1,1.0545,25.0,0.09,3.83,1780.5,73.16999817
2022-12-13,66.13999939,66.69000244,64.54000092,64.98999786,2250100,4.1,1.063,22.55,0.09,3.83,1813.90002441,75.38999939
2022-12-14,65.12000275,65.36000061,63.09999847,63.59000015,4219900,4.1,1.0655,21.14,0.09,3.83,1807.5,77.27999878
2022-12-15,62.86999893,63.34000015,61.54000092,61.74000168,2987900,4.1,1.0638,22.83,0.09,4.33,1777.19995117,76.11000061
2022-12-16,61.02999878,61.47999954,60.54000092,60.61999893,4148900,4.1,1.061,22.62,0.09,4.33,1790.0,74.29000092
2022-12-19,60.41999817,60.90000153,60.09000015,60.45999908,2357200,4.1,1.0624,22.42,0.09,4.33,1787.69995117,75.19000244
2022-12-20,60.45999908,60.70000076,60.06000137,60.11999893,1936600,4.1,1.0635,21.48,0.09,4.33,1815.90002441,76.08999634
2022-12-21,60.45000076,61.86000061,60.29000092,61.50999832,1511300,4.1,1.0599,20.07,0.09,4.33,1815.90002441,78.29000092
2022-12-22,61.13999939,61.13999939,60.06999969,61.06000137,1373100,4.1,1.0588,21.97,0.09,4.33,1787.0,77.48999786
2022-12-23,60.90000153,61.56000137,60.61999893,61.27999878,735800,4.1,1.0621,20.87,0.09,4.33,1795.90002441,79.55999756
2022-12-26,60.90000153,61.56000137,60.61999893,61.27999878,735800,4.1,1.0621,20.87,0.09,4.33,1795.90002441,79.55999756
2022-12-27,61.33000183,61.47000122,60.70000076,60.97999954,1119600,4.1,1.0654,21.65,0.09,4.33,1814.80004883,79.52999878
2022-12-28,61.22000122,61.63999939,60.63000107,60.70000076,1015100,4.1,1.0622,22.14,0.09,4.33,1807.90002441,78.95999908
2022-12-29,61.27000046,62.11999893,61.22000122,61.86999893,920200,4.1,1.0668,21.44,0.09,4.33,1819.5,78.40000153
2022-12-30,61.40000153,61.56000137,60.74000168,61.34999847,1187900,4.1,1.0698,21.67,0.09,4.33,1819.69995117,80.26000214
2023-01-01,61.40000153,61.56000137,60.74000168,61.34999847,1187900,4.33,1.0698,21.67,0.09,4.33,1819.69995117,80.26000214
2023-01-02,61.40000153,61.56000137,60.74000168,61.34999847,1187900,4.33,1.0698,21.67,0.09,4.33,1819.69995117,80.26000214
2023-01-03,61.52999878,61.86000061,61.04999924,61.75999832,1596000,4.33,1.0559,22.9,0.09,4.33,1839.69995117,76.93000031
2023-01-04,62.22999954,62.65999985,61.36999893,61.65000153,2093300,4.33,1.062,22.01,0.09,4.33,1852.80004883,72.83999634
2023-01-05,61.22000122,61.36999893,60.11999893,60.24000168,1724300,4.33,1.0522,22.46,0.09,4.33,1834.80004883,73.66999817
2023-01-06,60.90000153,61.81000137,60.50999832,61.65000153,1536000,4.33,1.0619,21.13,0.09,4.33,1864.19995117,73.76999664
2023-01-09,61.93000031,63.20999908,61.75999832,62.61000061,2466400,4.33,1.0759,21.97,0.09,4.33,1872.69995117,74.62999725
2023-01-10,62.47999954,63.08000183,62.22999954,62.54000092,1291100,4.33,1.0737,20.58,0.09,4.33,1871.59997559,75.12000275
2023-01-11,62.72999954,63.34000015,62.72999954,63.02000046,2482400,4.33,1.074,21.09,0.09,4.33,1874.59997559,77.41000366
2023-01-12,63.15999985,63.25,62.18000031,62.99000168,2558000,4.33,1.0823,18.83,0.09,4.33,1895.5,78.38999939
2023-01-13,62.41999817,63.66999817,62.31999969,63.34999847,2882000,4.33,1.0811,18.35,0.09,4.33,1918.40002441,79.86000061
2023-01-16,62.41999817,63.66999817,62.31999969,63.34999847,2882000,4.33,1.0811,19.49,0.09,4.33,1918.40002441,79.86000061
2023-01-17,63.15000153,63.72000122,62.84000015,63.36999893,2909300,4.33,1.0793,19.36,0.09,4.33,1907.19995117,80.18000031
2023-01-18,63.45000076,63.90000153,62.70999908,62.79999924,3289400,4.33,1.0827,20.34,0.09,4.33,1904.40002441,79.48000336
2023-01-19,62.16999817,62.52000046,60.95000076,61.0,1617000,4.33,1.081,20.52,0.09,4.33,1922.09997559,80.33000183
2023-01-20,61.0,62.11999893,60.63999939,62.06000137,2766500,4.33,1.0831,19.85,0.09,4.33,1926.40002441,81.30999756
2023-01-23,61.90999985,62.79000092,61.52999878,62.31999969,2227100,4.33,1.0865,19.81,0.09,4.33,1927.09997559,81.62000275
2023-01-24,62.41999817,62.50999832,61.75999832,61.91999817,3403100,4.33,1.0873,19.2,0.09,4.33,1933.90002441,80.12999725
2023-01-25,58.95000076,58.95000076,55.90000153,58.29999924,8213100,4.33,1.0901,19.08,0.09,4.33,1941.19995117,80.15000153
2023-01-26,57.88000107,60.16999817,57.49000168,60.11000061,4697700,4.33,1.0866,18.73,0.09,4.33,1929.09997559,81.01000214
2023-01-27,59.81000137,60.66999817,59.61999893,60.5,3123600,4.33,1.0857,18.51,0.09,4.33,1928.59997559,79.68000031
2023-01-30,60.47999954,60.61999893,59.31999969,59.65000153,2268300,4.33,1.0867,19.94,0.09,4.33,1922.90002441,77.90000153
2023-01-31,59.84999847,60.18999863,59.36999893,60.18999863,2587000,4.33,1.0858,19.4,0.09,4.33,1929.5,78.87000275
2023-02-01,60.18999863,60.34999847,58.97000122,59.5,2492900,4.57,1.0917,17.87,0.09,4.33,1927.80004883,76.41000366
2023-02-02,59.74000168,60.65000153,59.63999939,60.56999969,2331000,4.57,1.0918,18.73,0.09,4.58,1916.30004883,75.87999725
2023-02-03,59.90000153,60.99000168,59.83000183,60.54999924,1639100,4.57,1.0825,18.33,0.09,4.58,1862.90002441,73.38999939
2023-02-06,60.02999878,60.27999878,59.20999908,59.29999924,1490700,4.57,1.0722,19.43,0.09,4.58,1866.19995117,74.11000061
2023-02-07,59.29999924,60.18999863,58.70000076,59.95000076,2477900,4.57,1.0705,18.66,0.09,4.58,1871.69995117,77.13999939
2023-02-08,59.79999924,60.09000015,59.43999863,59.63999939,1851800,4.57,1.0734,19.63,0.09,4.58,1877.40002441,78.47000122
2023-02-09,59.84000015,59.99000168,58.77999878,58.97999954,1590400,4.57,1.0761,20.71,0.09,4.57,1866.19995117,78.05999756
2023-02-10,58.59999847,59.65000153,58.50999832,59.61999893,2041000,4.57,1.067,20.53,0.09,4.58,1862.80004883,79.72000122
2023-02-13,59.88999939,60.13999939,59.15999985,59.59000015,1974500,4.57,1.0718,20.34,0.09,4.58,1851.90002441,80.13999939
2023-02-14,59.54000092,59.97000122,58.43000031,58.61999893,1870300,4.57,1.0722,18.91,0.09,4.58,1854.0,79.05999756
2023-02-15,58.31000137,59.22000122,58.27000046,59.15999985,1732800,4.57,1.0683,18.23,0.09,4.58,1834.19995117,78.58999634
2023-02-16,58.86999893,59.09999847,58.38000107,58.43999863,1167300,4.57,1.0684,20.17,0.09,4.58,1842.0,78.48999786
2023-02-17,58.25,58.63999939,58.08000183,58.56000137,1148300,4.57,1.0678,20.02,0.09,4.58,1840.40002441,76.33999634
2023-02-20,58.25,58.63999939,58.08000183,58.56000137,1148300,4.57,1.0678,21.23,0.09,4.58,1840.40002441,76.33999634
2023-02-21,57.93000031,58.02000046,56.50999832,56.77999878,3089000,4.57,1.0657,22.87,0.09,4.58,1833.0,76.16000366
2023-02-22,56.95999908,57.22999954,56.54000092,57.09999847,2670100,4.57,1.0623,22.29,0.09,4.58,1832.0,73.94999695
2023-02-23,57.24000168,57.52999878,56.56999969,57.20000076,1909400,4.57,1.0583,21.14,0.09,4.58,1818.0,75.38999939
2023-02-24,56.84000015,57.11999893,56.58000183,57.04999924,1160600,4.57,1.0545,21.67,0.09,4.58,1808.80004883,76.31999969
2023-02-27,57.61000061,57.75,56.34000015,56.34999847,1328800,4.57,1.0596,20.95,0.09,4.57,1817.0,75.68000031
2023-02-28,56.38999939,56.47999954,55.97999954,56.06000137,3278200,4.57,1.0602,20.7,0.09,4.57,1828.90002441,77.05000305
2023-03-01,55.79000092,56.25,55.40999985,55.54999924,2272500,4.65,1.0674,20.58,0.09,4.58,1837.69995117,77.69000244
2023-03-02,55.09000015,56.11000061,55.06000137,56.0,2043400,4.65,1.0595,19.59,0.09,4.57,1833.5,78.16000366
2023-03-03,56.25,56.33000183,55.79999924,56.22000122,2373700,4.65,1.0616,18.49,0.09,4.57,1847.69995117,79.68000031
2023-03-06,56.34000015,56.70999908,55.95999908,56.06999969,2277600,4.65,1.0694,18.61,0.09,4.57,1847.90002441,80.45999908
2023-03-07,55.95999908,56.22000122,54.95000076,55.00999832,1914500,4.65,1.0573,19.59,0.09,4.57,1813.90002441,77.58000183
2023-03-08,55.0,55.40000153,54.81999969,55.13000107,1859000,4.65,1.0549,19.11,0.09,4.57,1812.69995117,76.66000366
2023-03-09,55.25,55.38999939,54.09000015,54.31999969,2524600,4.65,1.0577,22.61,0.09,4.57,1829.30004883,75.72000122
2023-03-10,53.90000153,53.90000153,52.20000076,52.59999847,3462200,4.65,1.0659,24.8,0.09,4.57,1862.0,76.68000031
2023-03-13,52.45999908,53.02999878,51.93000031,51.97000122,3742400,4.65,1.0733,26.52,0.09,4.58,1911.69995117,74.80000305
2023-03-14,53.22000122,53.63999939,52.43999863,52.75999832,2754700,4.65,1.0722,23.73,0.09,4.58,1906.19995117,71.33000183
2023-03-15,51.68999863,52.45999908,51.45999908,51.90999985,2629800,4.65,1.0535,26.14,0.09,4.58,1926.59997559,67.61000061
2023-03-16,51.47000122,53.54999924,51.09999847,53.11000061,2856700,4.65,1.0622,22.99,0.09,4.58,1919.0,68.34999847
2023-03-17,53.18999863,53.84999847,52.15000153,52.75,5554900,4.65,1.0647,25.51,0.09,4.58,1969.80004883,66.73999786
2023-03-20,52.66999817,53.22000122,52.54000092,52.91999817,2829100,4.65,1.0722,24.15,0.09,4.58,1979.19995117,67.63999939
2023-03-21,53.68999863,54.27999878,53.34999847,54.00999832,2606900,4.65,1.0769,21.38,0.09,4.58,1938.0,69.33000183
2023-03-22,54.00999832,54.43000031,52.93000031,52.93999863,2309300,4.65,1.0792,22.26,0.09,4.58,1946.80004883,70.90000153
2023-03-23,52.81999969,53.09999847,52.11999893,52.49000168,2829100,4.65,1.089,22.61,0.09,4.83,1993.80004883,69.95999908
2023-03-24,52.04999924,53.06999969,52.0,53.06999969,2892500,4.65,1.0762,21.74,0.09,4.83,1982.09997559,69.26000214
2023-03-27,53.61000061,53.70000076,53.11999893,53.25,1329900,4.65,1.0789,20.6,0.09,4.83,1952.40002441,72.80999756
2023-03-28,53.0,53.24000168,52.63000107,52.93999863,2570200,4.65,1.0844,19.97,0.09,4.83,1972.40002441,73.19999695
2023-03-29,53.47000122,54.27999878,53.34999847,54.09000015,2123400,4.65,1.0826,19.12,0.09,4.83,1966.09997559,72.97000122
2023-03-30,54.31999969,54.79000092,53.95000076,54.02999878,2599600,4.65,1.0899,19.02,0.09,4.83,1980.30004883,74.37000275
2023-03-31,54.36999893,54.70000076,54.02999878,54.66999817,2895700,4.65,1.0872,18.7,0.09,4.83,1969.0,75.66999817
2023-04-01,54.36999893,54.70000076,54.02999878,54.66999817,2895700,4.83,1.0872,18.7,0.09,4.83,1969.0,75.66999817
2023-04-03,54.36999893,54.59999847,54.02999878,54.40000153,3159100,4.83,1.0891,18.55,0.09,4.83,1983.90002441,80.41999817
2023-04-04,54.43000031,54.93999863,54.24000168,54.70000076,2515800,4.83,1.0951,19.0,0.09,4.83,2022.19995117,80.70999908
2023-04-05,54.65999985,55.09000015,54.29999924,54.56000137,2933300,4.83,1.0918,19.08,0.09,4.83,2020.90002441,80.61000061
2023-04-06,54.63000107,55.04000092,54.36999893,54.90000153,2440100,4.83,1.0927,18.4,0.09,4.83,2011.90002441,80.69999695
2023-04-07,54.63000107,55.04000092,54.36999893,54.90000153,2440100,4.83,1.0913,18.4,0.09,4.83,2011.90002441,80.69999695
2023-04-10,54.43999863,54.72000122,53.97999954,54.38000107,1641200,4.83,1.084,18.97,0.09,4.83,1989.09997559,79.73999786
2023-04-11,54.38000107,54.70000076,54.09999847,54.34999847,2566700,4.83,1.0906,19.1,0.09,4.83,2004.80004883,81.52999878
2023-04-12,54.77000046,55.38000107,54.68000031,54.88999939,2942200,4.83,1.0987,19.09,0.09,4.83,2010.90002441,83.26000214
2023-04-13,54.88999939,55.65000153,54.66999817,55.56000137,3513800,4.83,1.1054,17.8,0.09,4.83,2041.30004883,82.16000366
2023-04-14,55.5,55.59999847,54.88000107,55.15999985,6008200,4.83,1.098,17.07,0.09,4.83,2002.19995117,82.51999664
2023-04-17,54.86999893,55.90000153,54.86000061,55.77000046,3195600,4.83,1.0915,16.95,0.09,4.83,1994.19995117,80.83000183
2023-04-18,55.72999954,56.20999908,55.50999832,55.61000061,3626400,4.83,1.0958,16.83,0.09,4.83,2007.40002441,80.86000061
2023-04-19,57.0,57.99000168,56.83000183,57.36000061,5782900,4.83,1.0953,16.46,0.09,4.83,1995.19995117,79.16000366
2023-04-20,57.38000107,57.40000153,56.06000137,56.49000168,3453900,4.83,1.097,17.17,0.09,4.83,2007.59997559,77.29000092
2023-04-21,56.34000015,57.0,56.11999893,56.97000122,3163900,4.83,1.0973,16.77,0.09,4.83,1979.5,77.87000275
2023-04-24,57.09000015,57.20999908,56.18999863,56.58000183,1775400,4.83,1.1027,16.89,0.09,4.83,1989.09997559,78.76000214
2023-04-25,56.29999924,56.43000031,55.20999908,55.27000046,2103900,4.83,1.0968,18.76,0.09,4.83,1994.0,77.06999969
2023-04-26,54.93999863,55.27999878,53.84999847,54.13000107,2077000,4.83,1.1052,18.84,0.09,4.83,1985.69995117,74.30000305
2023-04-27,54.24000168,54.93000031,54.02000046,54.81999969,1591600,4.83,1.1017,17.03,0.09,4.83,1989.90002441,74.76000214
2023-04-28,54.63000107,55.40999985,54.54000092,55.36999893,2267800,4.83,1.104,15.78,0.09,4.83,1990.09997559,76.77999878
2023-05-01,55.24000168,55.40999985,54.90999985,55.04999924,1237700,5.06,1.097,16.08,0.09,4.83,1983.40002441,75.66000366
2023-05-02,54.68999863,54.81000137,53.40999985,54.27000046,1745700,5.06,1.0997,17.78,0.09,4.83,2014.30004883,71.66000366
2023-05-03,54.45999908,54.84999847,53.50999832,53.56000137,1609100,5.06,1.1049,18.34,0.09,4.83,2028.59997559,68.59999847
2023-05-04,53.52999878,53.97999954,53.38000107,53.79000092,1615800,5.06,1.1009,20.09,0.09,5.08,2048.0,68.55999756
2023-05-05,54.29000092,55.0,54.22999954,54.91999817,1978600,5.06,1.1026,17.19,0.09,5.08,2017.40002441,71.33999634
2023-05-08,55.0,55.13999939,54.63999939,54.91999817,1906100,5.06,1.102,16.98,0.09,5.08,2026.30004883,73.16000366
2023-05-09,54.66999817,55.06999969,54.54999924,54.56000137,1040300,5.06,1.0953,17.71,0.09,5.08,2036.19995117,73.70999908
2023-05-10,55.13999939,55.27000046,54.47000122,55.20000076,1778300,5.06,1.0966,16.94,0.09,5.08,2030.5,72.55999756
2023-05-11,55.06999969,55.25999832,54.5,55.22000122,1387700,5.06,1.0916,16.93,0.09,5.08,2014.69995117,70.87000275
2023-05-12,55.40000153,55.65999985,54.99000168,55.13999939,2225000,5.06,1.0856,17.03,0.09,5.08,2014.5,70.04000092
2023-05-15,55.29999924,55.52999878,55.0,55.16999817,1224100,5.06,1.0874,17.12,0.09,5.08,2018.0,71.11000061
2023-05-16,54.86999893,55.00999832,54.54000092,54.54000092,1213900,5.06,1.0866,17.99,0.09,5.08,1988.40002441,70.86000061
2023-05-17,54.68000031,55.00999832,53.93999863,54.93000031,1858800,5.06,1.083,16.87,0.09,5.08,1980.69995117,72.83000183
2023-05-18,54.97999954,55.29999924,54.47000122,55.22000122,1620200,5.06,1.0776,16.05,0.09,5.08,1956.5,71.86000061
2023-05-19,55.34999847,55.66999817,54.93999863,55.31999969,1677900,5.06,1.0819,16.81,0.09,5.08,1978.69995117,71.55000305
2023-05-22,55.31999969,55.70999908,55.02999878,55.45999908,1439000,5.06,1.0806,17.21,0.09,5.08,1974.80004883,71.98999786
2023-05-23,55.31999969,55.38000107,54.20999908,54.40000153,1939900,5.06,1.0771,18.53,0.09,5.08,1972.40002441,72.91000366
2023-05-24,54.00999832,54.18000031,53.65999985,53.86000061,1664100,5.06,1.0758,20.03,0.09,5.08,1962.80004883,74.33999634
2023-05-25,53.68000031,53.79000092,53.08000183,53.18000031,2287800,5.06,1.0725,19.14,0.09,5.08,1943.09997559,71.83000183
2023-05-26,53.04000092,54.45000076,52.99000168,54.22000122,3542700,5.06,1.0713,17.95,0.09,5.08,1944.09997559,72.66999817
2023-05-29,53.04000092,54.45000076,52.99000168,54.22000122,3542700,5.06,1.0713,17.46,0.09,5.08,1944.09997559,72.66999817
2023-05-30,54.41999817,55.02000046,54.27000046,54.95000076,3824300,5.06,1.0722,17.46,0.09,5.08,1958.0,69.45999908
2023-05-31,54.91999817,55.61999893,54.36000061,55.34999847,7539700,5.06,1.0654,17.94,0.09,5.08,1963.90002441,68.08999634
2023-06-01,55.20000076,55.49000168,54.90000153,55.02999878,2643500,5.08,1.0752,15.65,0.09,5.08,1978.0,70.09999847
2023-06-02,55.25,56.47000122,55.25,56.33000183,2584200,5.08,1.0724,14.6,0.09,5.08,1952.40002441,71.73999786
2023-06-05,56.25,56.36000061,55.72999954,56.02000046,2420700,5.08,1.0721,14.73,0.09,5.08,1958.0,72.15000153
2023-06-06,56.02000046,57.22000122,55.90000153,57.13000107,2745100,5.08,1.0695,13.96,0.09,5.08,1965.5,71.73999786
2023-06-07,57.40000153,58.02999878,57.02000046,57.04999924,3605800,5.08,1.0702,13.94,0.09,5.08,1942.69995117,72.52999878
2023-06-08,56.79000092,57.75999832,56.56000137,57.66999817,2844100,5.08,1.078,13.65,0.09,5.08,1963.59997559,71.29000092
2023-06-09,57.81999969,57.88999939,57.45000076,57.83000183,1573900,5.08,1.0749,13.83,0.09,5.08,1962.19995117,70.16999817
2023-06-12,52.09999847,53.45000076,50.02999878,51.0,16708800,5.08,1.0747,15.01,0.09,5.08,1955.30004883,67.12000275
2023-06-13,51.47000122,51.79999924,50.84000015,51.06000137,6385600,5.08,1.0792,14.61,0.09,5.08,1944.59997559,69.41999817
2023-06-14,51.04999924,51.93999863,50.63000107,51.15999985,7437300,5.08,1.0859,13.88,0.09,5.08,1955.30004883,68.26999664
2023-06-15,50.90000153,52.52000046,50.83000183,52.27000046,4262800,5.08,1.0933,14.5,0.09,5.07,1957.80004883,70.62000275
2023-06-16,52.63999939,52.63999939,51.09999847,51.22000122,7420400,5.08,1.0925,13.54,0.09,5.08,1958.40002441,71.77999878
2023-06-19,52.63999939,52.63999939,51.09999847,51.22000122,7420400,5.08,1.0925,14.19,0.09,5.08,1958.40002441,71.77999878
2023-06-20,50.84999847,51.65999985,50.45999908,51.61999893,4598700,5.08,1.09,13.88,0.09,5.07,1935.5,70.5
2023-06-21,51.59000015,51.59000015,50.22000122,50.56000137,4011000,5.08,1.0951,13.2,0.09,5.07,1933.30004883,72.52999878
2023-06-22,50.33000183,50.40999985,49.47999954,49.54999924,4616300,5.08,1.0953,12.91,0.09,5.07,1912.69995117,69.51000214
2023-06-23,49.34999847,49.74000168,48.95000076,49.63999939,5616200,5.08,1.0887,13.44,0.09,5.07,1919.09997559,69.16000366
2023-06-26,49.66999817,49.75,49.33000183,49.61000061,3202400,5.08,1.091,14.25,0.09,5.07,1923.69995117,69.37000275
2023-06-27,49.52999878,50.15999985,49.31999969,49.81999969,4141600,5.08,1.0961,13.74,0.09,5.07,1914.0,67.69999695
2023-06-28,49.84999847,50.04000092,49.40000153,49.58000183,4809000,5.08,1.0904,13.43,0.09,5.07,1912.30004883,69.55999756
2023-06-29,49.49000168,49.84999847,49.33000183,49.84999847,2877300,5.08,1.0881,13.54,0.09,5.07,1909.19995117,69.86000061
2023-06-30,50.13000107,50.43000031,49.81000137,49.84999847,3749100,5.08,1.092,13.59,0.09,5.08,1921.09997559,70.63999939
2023-07-01,50.13000107,50.43000031,49.81000137,49.84999847,3749100,5.12,1.092,13.59,0.09,5.08,1921.09997559,70.63999939
2023-07-03,49.68000031,50.09000015,49.31999969,49.70000076,2000600,5.12,1.0919,13.57,0.09,5.08,1921.69995117,69.79000092
2023-07-04,49.68000031,50.09000015,49.31999969,49.70000076,2000600,5.12,1.0919,13.7,0.09,5.08,1921.69995117,69.79000092
2023-07-05,49.68999863,50.0,49.34000015,49.91999817,3627200,5.12,1.0868,14.18,0.09,5.08,1919.59997559,71.79000092
2023-07-06,49.41999817,49.56000137,48.90000153,48.99000168,3618000,5.12,1.0873,15.44,0.09,5.08,1908.69995117,71.80000305
2023-07-07,48.88000107,49.27000046,48.65000153,48.97000122,3137900,5.12,1.0964,14.83,0.09,5.08,1926.19995117,73.86000061
2023-07-10,49.0,49.41999817,48.84000015,49.09999847,5553700,5.12,1.0991,15.07,0.09,5.07,1925.0,72.98999786
2023-07-11,49.06000137,49.75,48.97999954,49.70999908,3792800,5.12,1.0992,14.84,0.09,5.08,1931.30004883,74.83000183
2023-07-12,50.06999969,50.27999878,49.83000183,50.0,2991500,5.12,1.1123,13.54,0.09,5.08,1956.19995117,75.75
2023-07-13,50.15999985,51.27999878,50.09000015,51.16999817,3141600,5.12,1.1194,13.61,0.09,5.08,1959.19995117,76.88999939
2023-07-14,51.36999893,51.61000061,50.54000092,50.61000061,3225700,5.12,1.1237,13.34,0.09,5.08,1960.09997559,75.41999817
2023-07-17,50.54999924,50.97000122,50.11999893,50.90000153,3629200,5.12,1.1236,13.48,0.09,5.08,1952.40002441,74.15000153
2023-07-18,51.04000092,51.5,50.84000015,51.38000107,5437800,5.12,1.1223,13.3,0.09,5.08,1977.19995117,75.75
2023-07-19,51.65000153,52.54999924,50.31999969,50.43000031,5672500,5.12,1.1195,13.76,0.09,5.08,1977.5,75.34999847
2023-07-20,50.65999985,50.65999985,49.15000153,49.61000061,4725700,5.12,1.1135,13.99,0.09,5.08,1968.30004883,75.62999725
2023-07-21,50.04999924,50.90000153,49.61000061,50.70999908,11488100,5.12,1.112,13.6,0.09,5.08,1964.30004883,77.06999969
2023-07-24,50.90000153,51.25,50.59000015,51.04999924,3487100,5.12,1.1083,13.91,0.09,5.08,1960.30004883,78.73999786
2023-07-25,51.02999878,51.36000061,50.90000153,51.06999969,2821900,5.12,1.105,13.86,0.09,5.08,1962.09997559,79.62999725
2023-07-26,50.93999863,51.33000183,50.72000122,50.91999817,2496800,5.12,1.1078,13.19,0.09,5.08,1968.90002441,78.77999878
2023-07-27,50.88000107,51.54999924,50.13000107,50.27000046,2079500,5.12,1.0998,14.41,0.09,5.33,1945.40002441,80.08999634
2023-07-28,50.31000137,50.65999985,50.00999832,50.49000168,1827400,5.12,1.1039,13.33,0.09,5.33,1960.40002441,80.58000183
2023-07-31,50.68999863,50.70999908,50.27999878,50.49000168,2751700,5.12,1.102,13.63,0.09,5.33,1970.5,81.80000305
2023-08-01,50.31000137,50.45999908,50.08000183,50.24000168,2065400,5.33,1.0971,13.93,0.09,5.33,1940.69995117,81.37000275
2023-08-02,49.83000183,50.06999969,49.5,49.66999817,2191100,5.33,1.0939,16.09,0.09,5.33,1937.40002441,79.48999786
2023-08-03,49.56000137,49.63999939,49.09999847,49.38000107,2663400,5.33,1.0947,15.92,0.09,5.33,1932.0,81.55000305
2023-08-04,49.52999878,50.31000137,49.38000107,49.45000076,2013600,5.33,1.1036,17.1,0.09,5.33,1939.59997559,82.81999969
2023-08-07,49.65999985,50.09999847,49.63000107,50.0,1725900,5.33,1.1,15.77,0.09,5.33,1933.5,81.94000244
2023-08-08,49.66999817,50.27999878,49.40000153,50.04000092,2250700,5.33,1.0951,15.99,0.09,5.33,1924.09997559,82.91999817
2023-08-09,49.88000107,50.66999817,49.81999969,50.45999908,2647000,5.33,1.0975,15.96,0.09,5.33,1915.40002441,84.40000153
2023-08-10,50.63000107,51.79999924,50.54000092,51.50999832,3537300,5.33,1.1016,15.85,0.09,5.33,1914.40002441,82.81999969
2023-08-11,51.40000153,51.88999939,50.90999985,50.95999908,2663500,5.33,1.0957,14.84,0.09,5.33,1912.90002441,83.19000244
2023-08-14,50.95999908,51.33000183,50.90999985,51.08000183,2683200,5.33,1.0922,14.82,0.09,5.33,1910.59997559,82.51000214
2023-08-15,50.91999817,51.11000061,50.43999863,50.56999969,1946700,5.33,1.0928,16.46,0.09,5.33,1902.5,80.98999786
2023-08-16,50.29999924,51.13999939,50.18000031,50.84999847,2463900,5.33,1.0904,16.78,0.09,5.33,1896.09997559,79.37999725
2023-08-17,50.95000076,52.27999878,50.90000153,51.66999817,5205400,5.33,1.0874,17.89,0.09,5.33,1884.09997559,80.38999939
2023-08-18,51.31999969,51.90000153,51.18999863,51.79999924,3380100,5.33,1.0875,17.3,0.09,5.33,1886.09997559,81.25
2023-08-21,51.79999924,51.95000076,51.27000046,51.79000092,2299000,5.33,1.0888,17.13,0.09,5.33,1893.30004883,80.72000122
2023-08-22,51.95000076,52.09999847,51.63000107,51.95999908,2594500,5.33,1.0846,16.97,0.09,5.33,1896.40002441,80.34999847
2023-08-23,52.0,52.72000122,51.66999817,52.65000153,2318500,5.33,1.0862,15.98,0.09,5.33,1918.5,78.88999939
2023-08-24,52.70000076,53.43999863,52.29999924,52.33000183,2141400,5.33,1.0826,17.2,0.09,5.33,1918.19995117,79.05000305
2023-08-25,52.38999939,52.95000076,52.18999863,52.72999954,1866400,5.33,1.0787,15.68,0.09,5.33,1911.09997559,79.83000183
2023-08-28,52.81999969,53.49000168,52.75,53.16999817,1633300,5.33,1.081,15.08,0.09,5.33,1917.90002441,80.09999847
2023-08-29,53.34999847,54.15000153,52.95000076,53.34000015,1684300,5.33,1.0851,14.45,0.09,5.33,1936.5,81.16000366
2023-08-30,53.27999878,53.47999954,52.47999954,52.65999985,2146800,5.33,1.0926,13.88,0.09,5.33,1944.30004883,81.62999725
2023-08-31,52.75999832,53.06000137,52.34999847,52.47999954,2856300,5.33,1.0839,13.57,0.09,5.33,1938.19995117,83.62999725
2023-09-01,52.65000153,52.72000122,51.81000137,51.93999863,2937000,5.33,1.0787,13.09,0.09,5.33,1939.80004883,85.55000305
2023-09-04,52.65000153,52.72000122,51.81000137,51.93999863,2937000,5.33,1.0787,13.82,0.09,5.33,1939.80004883,85.55000305
2023-09-05,51.79999924,51.86000061,50.65000153,50.70999908,3210300,5.33,1.0727,14.01,0.09,5.33,1926.19995117,86.69000244
2023-09-06,50.86000061,52.02999878,50.68000031,51.58000183,2494000,5.33,1.0714,14.45,0.09,5.33,1918.09997559,87.54000092
2023-09-07,51.50999832,51.70000076,51.20999908,51.65999985,2109100,5.33,1.0704,14.4,0.09,5.33,1917.5,86.87000275
2023-09-08,51.65999985,51.75999832,51.27000046,51.43000031,3023900,5.33,1.0709,13.84,0.09,5.33,1918.40002441,87.51000214
2023-09-11,51.68999863,51.77999878,51.08000183,51.36999893,1660100,5.33,1.0744,13.8,0.09,5.33,1923.30004883,87.29000092
2023-09-12,51.24000168,51.59000015,51.20999908,51.47000122,1527100,5.33,1.0726,14.23,0.09,5.33,1911.30004883,88.83999634
2023-09-13,51.47000122,51.56999969,50.91999817,51.09999847,1981100,5.33,1.0737,13.48,0.09,5.33,1909.09997559,88.51999664
2023-09-14,51.09000015,51.5,50.88000107,51.47000122,1830000,5.33,1.066,12.82,0.09,5.33,1910.0,90.16000366
2023-09-15,51.47000122,51.68000031,50.75999832,50.77000046,2698500,5.33,1.0673,13.79,0.09,5.33,1923.69995117,90.76999664
2023-09-18,50.65999985,51.15000153,50.52999878,51.02000046,1493800,5.33,1.0695,14.0,0.09,5.33,1931.5,91.48000336
2023-09-19,51.0,51.38000107,50.75999832,50.93000031,2446600,5.33,1.0684,14.11,0.09,5.33,1932.0,91.19999695
2023-09-20,51.13999939,51.33000183,50.52999878,50.56999969,1623700,5.33,1.0715,15.14,0.09,5.33,1945.59997559,90.27999878
2023-09-21,50.33000183,50.36000061,48.83000183,48.84000015,2294200,5.33,1.0664,17.54,0.09,5.33,1919.19995117,89.62999725
2023-09-22,48.88000107,49.18000031,48.61999893,48.66999817,1644200,5.33,1.066,17.2,0.09,5.33,1925.40002441,90.02999878
2023-09-25,48.47999954,48.68000031,48.18999863,48.63999939,1662600,5.33,1.0591,16.9,0.09,5.33,1916.59997559,89.68000031
2023-09-26,48.15999985,48.50999832,47.88000107,47.97999954,1882500,5.33,1.0573,18.94,0.09,5.33,1900.40002441,90.38999939
2023-09-27,48.22999954,48.54999924,47.88999939,48.33000183,2015500,5.33,1.051,18.22,0.09,5.33,1871.59997559,93.68000031
2023-09-28,48.38999939,49.29999924,48.38999939,48.91999817,2035000,5.33,1.0578,17.34,0.09,5.33,1860.40002441,91.70999908
2023-09-29,49.25,49.27000046,48.34000015,48.59000015,1708200,5.33,1.0584,17.52,0.09,5.33,1848.09997559,90.79000092
2023-10-01,49.25,49.27000046,48.34000015,48.59000015,1708200,5.33,1.0584,17.52,0.09,5.33,1848.09997559,90.79000092
2023-10-02,48.52999878,48.54000092,48.06999969,48.41999817,3121700,5.33,1.05,17.61,0.09,5.33,1830.0,88.81999969
2023-10-03,47.91999817,48.0,46.88000107,47.25,3525400,5.33,1.0453,19.78,0.09,5.33,1824.59997559,89.23000336
2023-10-04,47.38000107,48.86999893,47.38000107,48.77999878,3324200,5.33,1.0518,18.58,0.09,5.33,1818.5,84.22000122
2023-10-05,48.77999878,49.18999863,48.58000183,49.02000046,2085200,5.33,1.0527,18.49,0.09,5.33,1816.59997559,82.30999756
2023-10-06,48.90000153,49.81000137,48.86000061,49.61000061,1960000,5.33,1.0596,17.45,0.09,5.33,1830.19995117,82.79000092
2023-10-09,49.40999985,49.91999817,49.36000061,49.72999954,1577200,5.33,1.0596,17.7,0.09,5.33,1849.5,86.37999725
2023-10-10,49.84999847,50.09999847,49.22999954,49.86999893,2302400,5.33,1.0618,17.03,0.09,5.33,1861.0,85.97000122
2023-10-11,49.86999893,50.04000092,49.40999985,49.65999985,2146400,5.33,1.062,16.09,0.09,5.33,1872.80004883,83.48999786
2023-10-12,49.72000122,49.95000076,49.13000107,49.31999969,2161200,5.33,1.0553,16.69,0.09,5.33,1869.30004883,82.91000366
2023-10-13,49.52999878,49.58000183,49.06000137,49.36999893,1542600,5.33,1.0502,19.32,0.09,5.33,1927.40002441,87.69000244
2023-10-16,49.75,50.38000107,49.65999985,50.29999924,2296000,5.33,1.0546,17.21,0.09,5.33,1921.09997559,86.66000366
2023-10-17,50.29999924,50.70999908,49.86999893,49.93000031,3687200,5.33,1.0593,17.88,0.09,5.33,1922.69995117,86.66000366
2023-10-18,51.29000092,53.29999924,50.86999893,51.91999817,6685800,5.33,1.0532,19.22,0.09,5.33,1955.30004883,88.31999969
2023-10-19,52.02000046,52.04000092,51.27999878,51.29000092,2924100,5.33,1.057,21.4,0.09,5.33,1968.40002441,89.37000275
2023-10-20,51.29999924,51.54000092,50.38999939,50.59999847,2797100,5.33,1.0592,21.71,0.09,5.33,1982.5,88.75
2023-10-23,50.29999924,50.54000092,49.77000046,49.81999969,2021700,5.33,1.0646,20.37,0.09,5.33,1976.30004883,85.48999786
2023-10-24,50.06999969,50.38000107,49.11999893,49.45999908,2033700,5.33,1.0595,18.97,0.09,5.33,1975.0,83.73999786
2023-10-25,49.40000153,49.86999893,48.91999817,49.49000168,1972200,5.33,1.0583,20.19,0.09,5.33,1984.09997559,85.38999939
2023-10-26,49.61999893,50.52999878,49.61999893,49.70000076,1916600,5.33,1.0532,20.68,0.09,5.33,1987.19995117,83.20999908
2023-10-27,49.31999969,49.40999985,47.56000137,47.59000015,2966500,5.33,1.0592,21.27,0.09,5.33,1988.59997559,85.54000092
2023-10-30,47.77999878,49.04999924,47.72000122,48.90999985,2393100,5.33,1.062,19.75,0.09,5.33,1996.19995117,82.30999756
2023-10-31,49.06000137,49.65000153,48.88000107,49.59999847,1748700,5.33,1.0568,18.14,0.09,5.33,1985.19995117,81.01999664
2023-11-01,49.79000092,49.86000061,48.47000122,48.70999908,2389100,5.33,1.0538,16.87,0.09,5.33,1978.80004883,80.44000244
2023-11-02,49.02000046,49.86999893,48.81999969,49.86000061,2644500,5.33,1.0618,15.66,0.09,5.33,1985.59997559,82.45999908
2023-11-03,50.15000153,50.50999832,49.83000183,50.22000122,2019400,5.33,1.0733,14.91,0.09,5.33,1991.5,80.51000214
2023-11-06,50.09999847,51.22000122,50.04999924,50.72999954,2650600,5.33,1.0747,14.89,0.09,5.33,1981.59997559,80.81999969
2023-11-07,50.91999817,51.58000183,50.59999847,51.18999863,2258600,5.33,1.0687,14.81,0.09,5.33,1966.80004883,77.37000275
2023-11-08,51.31000137,52.08000183,51.20000076,51.74000168,2525100,5.33,1.0715,14.45,0.09,5.33,1951.5,75.33000183
2023-11-09,52.0,52.02999878,51.29999924,51.41999817,2089300,5.33,1.071,15.29,0.09,5.33,1964.19995117,75.73999786
2023-11-10,51.58000183,52.25,51.41999817,52.11000061,1846200,5.33,1.071,14.17,0.09,5.33,1932.59997559,77.16999817
2023-11-13,51.88000107,52.18999863,51.72000122,52.09000015,1645400,5.33,1.07,14.76,0.09,5.33,1945.5,78.26000214
2023-11-14,52.43999863,53.43000031,52.31999969,53.11000061,2436600,5.33,1.0861,14.16,0.09,5.33,1961.80004883,78.26000214
2023-11-15,53.40000153,53.75,53.18000031,53.31999969,2503700,5.33,1.0853,14.18,0.09,5.33,1960.09997559,76.66000366
2023-11-16,53.40999985,53.84000015,53.36999893,53.54000092,1879800,5.33,1.0851,14.32,0.09,5.33,1983.90002441,72.90000153
2023-11-17,53.61000061,53.77999878,53.36000061,53.47999954,1816500,5.33,1.0879,13.8,0.09,5.33,1981.59997559,75.88999939
2023-11-20,53.5,54.38999939,53.36000061,54.13999939,2414700,5.33,1.0945,13.41,0.09,5.33,1977.69995117,77.59999847
2023-11-21,54.06000137,54.75999832,53.91999817,54.61999893,1759100,5.33,1.0923,13.35,0.09,5.33,1999.30004883,77.76999664
2023-11-22,54.79999924,55.22999954,54.79999924,55.13000107,1938000,5.33,1.0871,12.85,0.09,5.33,1991.40002441,77.09999847
2023-11-23,54.79999924,55.22999954,54.79999924,55.13000107,1938000,5.33,1.0871,12.8,0.09,5.33,1991.40002441,77.09999847
2023-11-24,55.15999985,55.40000153,55.00999832,55.29999924,879700,5.33,1.0934,12.46,0.09,5.33,2002.19995117,75.54000092
2023-11-27,55.25999832,55.29999924,54.97000122,55.13999939,1789800,5.33,1.0937,12.69,0.09,5.33,2011.80004883,74.86000061
2023-11-28,55.06999969,55.86999893,55.04000092,55.58000183,2414600,5.33,1.1007,12.69,0.09,5.33,2039.69995117,76.41000366
2023-11-29,55.70000076,56.15000153,55.56999969,55.70000076,2905900,5.33,1.0969,12.98,0.09,5.33,2047.09997559,77.86000061
2023-11-30,55.81000137,55.93000031,55.15000153,55.84000015,4484700,5.33,1.0908,12.92,0.09,5.33,2038.09997559,75.95999908
2023-12-01,55.75,56.25,55.61000061,55.90000153,2166100,5.33,1.0878,12.63,0.09,5.33,2071.0,74.06999969
2023-12-04,55.70999908,56.61000061,55.70999908,56.22999954,4004900,5.33,1.0824,13.08,0.09,5.33,2024.09997559,73.04000092
2023-12-05,56.09999847,56.18000031,55.31999969,55.72000122,2673300,5.33,1.0787,12.85,0.09,5.33,2018.5,72.31999969
2023-12-06,55.90000153,56.31999969,55.72000122,55.84000015,2434900,5.33,1.079,12.97,0.09,5.33,2030.5,69.37999725
2023-12-07,55.04999924,55.18999863,54.04000092,54.13000107,2877800,5.33,1.0794,13.06,0.09,5.33,2029.90002441,69.33999634
2023-12-08,54.06000137,54.38999939,53.61999893,53.97000122,2065500,5.33,1.0746,12.35,0.09,5.33,1998.30004883,71.23000336
2023-12-11,54.15999985,54.36000061,53.91999817,54.22000122,2780100,5.33,1.0747,12.63,0.09,5.33,1978.0,71.31999969
2023-12-12,54.38999939,54.45000076,53.86999893,54.16999817,2717800,5.33,1.079,12.07,0.09,5.33,1977.80004883,68.61000061
2023-12-13,54.22999954,56.43999863,54.02999878,56.38999939,4220700,5.33,1.0793,12.19,0.09,5.33,1982.30004883,69.47000122
2023-12-14,56.93000031,57.72000122,55.95000076,56.11000061,4171500,5.33,1.0997,12.48,0.09,5.33,2030.19995117,71.58000183
2023-12-15,55.31000137,55.63999939,54.54000092,54.74000168,5718400,5.33,1.0906,12.28,0.09,5.33,2021.09997559,71.43000031
2023-12-18,55.0,55.56000137,54.61999893,55.38000107,2616300,5.33,1.092,12.56,0.09,5.33,2026.30004883,72.47000122
2023-12-19,55.52999878,55.77999878,55.18000031,55.75999832,2066600,5.33,1.0977,12.53,0.09,5.33,2038.40002441,73.44000244
2023-12-20,55.75,56.18000031,55.11999893,55.15000153,2051800,5.33,1.0957,13.67,0.09,5.33,2034.5,74.22000122
2023-12-21,55.31000137,56.11999893,55.13000107,56.09000015,1828000,5.33,1.099,13.65,0.09,5.33,2039.09997559,73.88999939
2023-12-22,56.36000061,57.15000153,56.16999817,57.04000092,2330400,5.33,1.1008,13.03,0.09,5.33,2057.10009766,73.55999756
2023-12-25,56.36000061,57.15000153,56.16999817,57.04000092,2330400,5.33,1.1008,13.03,0.09,5.33,2057.10009766,73.55999756
2023-12-26,57.04000092,57.70000076,56.95000076,57.63000107,1344100,5.33,1.1035,12.99,0.09,5.33,2058.19995117,75.56999969
2023-12-27,57.59000015,58.02000046,57.41999817,57.99000168,1353100,5.33,1.1114,12.43,0.09,5.33,2081.89990234,74.11000061
2023-12-28,57.99000168,58.36999893,57.99000168,58.24000168,1192300,5.33,1.1073,12.47,0.09,5.33,2073.89990234,71.76999664
2023-12-29,58.20000076,58.34999847,57.79000092,58.13999939,1524000,5.33,1.1062,12.45,0.09,5.33,2062.39990234,71.65000153
2024-01-01,58.20000076,58.34999847,57.79000092,58.13999939,1524000,5.33,1.1062,12.45,0.09,5.33,2062.39990234,71.65000153
2024-01-02,58.0,58.0,56.61999893,56.90000153,1947900,5.33,1.0957,13.2,0.09,5.33,2064.39990234,70.37999725
2024-01-03,56.50999832,56.77999878,55.84999847,55.99000168,2493500,5.33,1.0909,14.04,0.09,5.33,2034.19995117,72.69999695
2024-01-04,56.00999832,56.52999878,56.00999832,56.02999878,2143000,5.33,1.0957,14.13,0.09,5.33,2042.30004883,72.19000244
2024-01-05,56.00999832,56.20000076,55.43999863,55.66999817,1979000,5.33,1.0957,13.35,0.09,5.33,2042.40002441,73.80999756
2024-01-08,55.77000046,56.75,55.75999832,56.70999908,3022400,5.33,1.0976,13.08,0.09,5.33,2026.59997559,70.76999664
2024-01-09,56.56000137,56.66999817,56.25999832,56.36999893,2457500,5.33,1.0935,12.76,0.09,5.33,2026.40002441,72.23999786
2024-01-10,56.47999954,56.93999863,56.18999863,56.88999939,2956500,5.33,1.096,12.69,0.09,5.33,2021.69995117,71.37000275
2024-01-11,56.97000122,57.09999847,56.27999878,56.54000092,2185200,5.33,1.0943,12.44,0.09,5.33,2014.30004883,72.01999664
2024-01-12,56.95000076,57.00999832,56.38999939,56.93000031,1835000,5.33,1.0959,12.7,0.09,5.33,2046.69995117,72.68000031
2024-01-15,56.95000076,57.00999832,56.38999939,56.93000031,1835000,5.33,1.0959,13.25,0.09,5.33,2046.69995117,72.68000031
2024-01-16,56.5,57.34000015,56.33000183,56.45999908,3534500,5.33,1.0882,13.84,0.09,5.33,2026.0,72.40000153
2024-01-17,55.97999954,56.45000076,55.83000183,56.11000061,2943000,5.33,1.0858,14.79,0.09,5.33,2002.59997559,72.55999756
2024-01-18,56.24000168,56.88999939,55.90000153,56.83000183,1863700,5.33,1.0863,14.13,0.09,5.33,2018.59997559,74.08000183
2024-01-19,57.02999878,57.97999954,56.90000153,57.84999847,2179400,5.33,1.0887,13.3,0.09,5.33,2026.5,73.41000366
2024-01-22,58.13000107,58.45000076,57.68999863,58.15999985,2020900,5.33,1.0895,13.19,0.09,5.33,2019.80004883,75.19000244
2024-01-23,58.27000046,58.81999969,58.04000092,58.38000107,1796000,5.33,1.0829,12.55,0.09,5.33,2023.69995117,74.37000275
2024-01-24,58.72999954,58.86000061,58.15999985,58.20000076,1919300,5.33,1.0901,13.14,0.09,5.33,2013.90002441,75.08999634
2024-01-25,58.45999908,58.59000015,57.43999863,58.36999893,1664900,5.33,1.0837,13.45,0.09,5.33,2016.90002441,77.36000061
2024-01-26,58.40000153,58.70999908,58.09999847,58.61999893,1675700,5.33,1.0866,13.26,0.09,5.33,2016.80004883,78.01000214
2024-01-29,58.31999969,58.5,57.54999924,58.25,2378100,5.33,1.0807,13.6,0.09,5.33,2025.19995117,76.77999878
2024-01-30,58.11000061,58.61000061,58.08000183,58.45000076,2504000,5.33,1.0844,13.31,0.09,5.33,2031.5,77.81999969
2024-01-31,58.59999847,60.72000122,57.50999832,57.77000046,4305700,5.33,1.0855,14.35,0.09,5.33,2048.39990234,75.84999847
2024-02-01,57.54000092,57.74000168,56.27999878,57.09000015,2879000,5.33,1.0865,13.88,0.09,5.33,2053.0,73.81999969
2024-02-02,56.91999817,57.40999985,56.31999969,56.65000153,2556700,5.33,1.0787,13.85,0.09,5.33,2036.09997559,72.27999878
2024-02-05,56.24000168,56.38999939,55.72999954,55.97999954,2244100,5.33,1.0736,13.67,0.09,5.33,2025.69995117,72.77999878
2024-02-06,55.83000183,56.45999908,55.75999832,56.31999969,4260500,5.33,1.0751,13.06,0.09,5.33,2034.5,73.30999756
2024-02-07,56.74000168,57.06000137,56.31999969,56.90999985,1881400,5.33,1.0769,12.83,0.09,5.33,2035.19995117,73.86000061
2024-02-08,56.70000076,57.18000031,56.66999817,56.75999832,1358300,5.33,1.0774,12.79,0.09,5.33,2032.19995117,76.22000122
2024-02-09,56.88000107,57.34999847,56.65000153,57.25,1296600,5.33,1.0782,12.93,0.09,5.33,2023.30004883,76.83999634
2024-02-12,57.31999969,57.38000107,56.72999954,56.83000183,2152700,5.33,1.0774,13.93,0.09,5.33,2018.19995117,76.91999817
2024-02-13,56.22000122,56.24000168,55.18000031,55.70000076,3184500,5.33,1.072,15.85,0.09,5.33,1992.90002441,77.87000275
2024-02-14,56.06000137,56.18999863,55.36000061,55.81000137,2661200,5.33,1.0735,14.38,0.09,5.33,1990.30004883,76.63999939
2024-02-15,55.93000031,56.31000137,55.02000046,55.49000168,4038800,5.33,1.0761,14.01,0.09,5.33,2002.09997559,78.02999878
2024-02-16,55.45000076,55.81000137,55.20000076,55.41999817,2042700,5.33,1.0769,14.24,0.09,5.33,2011.5,79.19000244
2024-02-19,55.45000076,55.81000137,55.20000076,55.41999817,2042700,5.33,1.0769,14.71,0.09,5.33,2011.5,79.19000244
2024-02-20,55.0,55.59999847,54.90000153,55.54000092,2745300,5.33,1.0814,15.42,0.09,5.33,2027.5,78.18000031
2024-02-21,55.38999939,56.06000137,55.11000061,56.04000092,2207300,5.33,1.0818,15.34,0.09,5.33,2022.30004883,77.91000366
2024-02-22,56.25999832,56.81000137,56.24000168,56.56000137,2040200,5.33,1.0815,14.54,0.09,5.33,2019.69995117,78.61000061
2024-02-23,56.84999847,56.86999893,56.36000061,56.65000153,1346000,5.33,1.0828,13.75,0.09,5.33,2038.59997559,76.48999786
2024-02-26,56.47000122,56.63000107,55.81999969,56.18999863,1905300,5.33,1.0855,13.74,0.09,5.33,2028.5,77.58000183
2024-02-27,56.27999878,56.47999954,56.09000015,56.36999893,1767200,5.33,1.0857,13.43,0.09,5.33,2034.0,78.87000275
2024-02-28,56.31000137,56.63999939,56.20000076,56.31999969,1920200,5.33,1.0843,13.84,0.09,5.33,2033.0,78.54000092
2024-02-29,56.66999817,56.68000031,56.08000183,56.20000076,4017200,5.33,1.0807,13.4,0.09,5.33,2045.69995117,78.26000214
2024-03-01,56.29000092,56.68000031,55.52000046,56.52999878,3524700,5.33,1.0832,13.11,0.09,5.33,2086.89990234,79.97000122
2024-03-04,56.52000046,57.13000107,56.29999924,56.97000122,3621800,5.33,1.0862,13.49,0.09,5.33,2117.69995117,78.73999786
2024-03-05,57.0,58.45999908,56.90000153,56.93000031,3504600,5.33,1.0861,14.46,0.09,5.33,2133.5,78.15000153
2024-03-06,57.13000107,57.93000031,56.75,57.88999939,3833000,5.33,1.0913,14.5,0.09,5.33,2150.30004883,79.12999725
2024-03-07,58.29999924,59.20999908,58.15000153,59.13000107,3979700,5.33,1.0941,14.44,0.09,5.33,2158.0,78.93000031
2024-03-08,59.29999924,60.54999924,58.83000183,60.00999832,4228700,5.33,1.0941,14.74,0.09,5.33,2178.60009766,78.01000214
2024-03-11,60.09000015,60.40999985,59.50999832,60.02999878,2324600,5.33,1.0928,15.22,0.09,5.33,2182.5,77.93000031
2024-03-12,59.93999863,60.52999878,59.72999954,59.74000168,3482100,5.33,1.0918,13.84,0.09,5.33,2160.39990234,77.55999756
2024-03-13,59.70999908,59.83000183,59.13999939,59.54000092,2169800,5.33,1.0944,13.75,0.09,5.33,2175.39990234,79.72000122
2024-03-14,59.43999863,59.54999924,58.24000168,58.68999863,2097800,5.33,1.0888,14.4,0.09,5.33,2163.0,81.26000214
2024-03-15,57.95999908,59.86000061,57.95999908,59.68000031,3527300,5.33,1.0888,14.41,0.09,5.33,2157.30004883,81.04000092
2024-03-18,59.93999863,60.70999908,59.74000168,60.29000092,3320600,5.33,1.0886,14.33,0.09,5.33,2160.69995117,82.72000122
2024-03-19,60.47999954,62.56000137,60.22000122,62.45999908,5250100,5.33,1.0859,13.82,0.09,5.33,2156.30004883,83.47000122
2024-03-20,59.93000031,61.52000046,59.61000061,60.88000107,18274300,5.33,1.0856,13.04,0.09,5.33,2157.89990234,81.68000031
2024-03-21,61.15999985,63.04999924,60.95999908,61.84000015,15426500,5.33,1.0861,12.92,0.09,5.33,2182.39990234,81.06999969
2024-03-22,61.84000015,62.27999878,61.47000122,61.63000107,5194900,5.33,1.0817,13.06,0.09,5.33,2158.10009766,80.62999725
2024-03-25,61.50999832,61.81999969,61.00999832,61.06000137,2203000,5.33,1.0837,13.19,0.09,5.33,2174.80004883,81.94999695
2024-03-26,62.15999985,62.84999847,61.95000076,62.22999954,4480800,5.33,1.0829,13.24,0.09,5.33,2175.60009766,81.62000275
2024-03-27,62.59000015,63.08000183,62.13999939,63.0,3036900,5.33,1.0821,12.78,0.09,5.33,2190.60009766,81.34999847
2024-03-28,63.50999832,63.52000046,62.81999969,63.09999847,2791700,5.33,1.0801,13.01,0.09,5.33,2217.39990234,83.16999817
2024-03-29,63.50999832,63.52000046,62.81999969,63.09999847,2791700,5.33,1.0791,13.01,0.09,5.33,2217.39990234,83.16999817
2024-04-01,62.97000122,63.04000092,62.20999908,62.29000092,2310500,5.33,1.0733,13.65,0.09,5.33,2236.5,83.70999908
2024-04-02,61.75,61.81000137,60.86999893,61.33000183,3215900,5.33,1.0769,14.61,0.09,5.33,2261.0,85.15000153
2024-04-03,61.40000153,61.99000168,61.29999924,61.58000183,2250900,5.33,1.0827,14.33,0.09,5.33,2294.39990234,85.43000031
2024-04-04,62.0,62.40000153,60.84000015,61.06000137,2094500,5.33,1.0865,16.35,0.09,5.33,2288.80004883,86.58999634
2024-04-05,61.04999924,62.06000137,60.91999817,62.04000092,1929400,5.33,1.0841,16.03,0.09,5.33,2325.69995117,86.91000366
2024-04-08,62.31999969,62.49000168,61.86000061,62.13999939,2451400,5.33,1.0853,15.19,0.09,5.33,2331.69995117,86.43000031
2024-04-09,63.72999954,64.25,62.61000061,63.56000137,4487500,5.33,1.0856,14.98,0.09,5.33,2343.5,85.23000336
2024-04-10,62.81999969,63.59999847,62.22000122,63.00999832,2676600,5.33,1.0737,15.8,0.09,5.33,2329.60009766,86.20999908
2024-04-11,63.33000183,63.34999847,62.38000107,63.06000137,3722200,5.33,1.0722,14.91,0.09,5.33,2354.80004883,85.01999664
2024-04-12,62.68999863,62.81999969,61.00999832,61.52000046,4148500,5.33,1.0647,17.31,0.09,5.33,2356.19995117,85.66000366
2024-04-15,62.22999954,62.31999969,60.0,60.18999863,3248400,5.33,1.0644,19.23,0.09,5.33,2365.80004883,85.41000366
2024-04-16,60.34999847,60.5,59.72999954,60.02999878,2825700,5.33,1.0628,18.4,0.09,5.33,2390.80004883,85.36000061
2024-04-17,60.68000031,60.72000122,59.90999985,60.00999832,2818300,5.33,1.0644,18.21,0.09,5.33,2371.69995117,82.69000244
2024-04-18,60.43000031,60.5,59.88999939,60.06999969,2349200,5.33,1.066,18.0,0.09,5.33,2382.30004883,82.73000336
2024-04-19,60.52999878,60.56999969,59.95000076,60.34999847,3083500,5.33,1.0655,18.71,0.09,5.33,2398.39990234,83.13999939
2024-04-22,60.81000137,61.31999969,60.52999878,61.20000076,2116500,5.33,1.0655,16.94,0.09,5.33,2332.19995117,82.84999847
2024-04-23,61.06999969,61.50999832,60.95000076,61.09000015,2279900,5.33,1.0695,15.69,0.09,5.33,2327.69995117,83.36000061
2024-04-24,60.72000122,61.56999969,60.61000061,61.5,2893600,5.33,1.0687,15.97,0.09,5.33,2324.5,82.80999756
2024-04-25,59.20999908,60.38000107,58.09999847,60.29000092,7780900,5.33,1.0721,15.37,0.09,5.33,2329.80004883,83.56999969
2024-04-26,59.63999939,60.63000107,59.40999985,60.11999893,4792100,5.33,1.0686,15.03,0.09,5.33,2334.80004883,83.84999847
2024-04-29,60.0,60.86999893,59.74000168,60.08000183,3650900,5.33,1.0717,14.67,0.09,5.33,2345.39990234,82.62999725
2024-04-30,59.95000076,60.13999939,59.65999985,59.84999847,3704100,5.33,1.0684,15.65,0.09,5.33,2291.39990234,81.93000031
2024-05-01,59.88999939,60.50999832,59.54999924,59.88000107,2785700,5.33,1.068,15.39,0.09,5.33,2299.89990234,79.0
2024-05-02,60.15999985,60.20999908,59.38000107,60.06999969,3401700,5.33,1.0706,14.68,0.09,5.33,2299.19995117,78.94999695
2024-05-03,60.54000092,61.15999985,59.70000076,60.86999893,2889100,5.33,1.077,13.49,0.09,5.33,2299.0,78.11000061
2024-05-06,61.04000092,61.68000031,60.65999985,61.59999847,2915900,5.33,1.0779,13.49,0.09,5.33,2321.60009766,78.48000336
2024-05-07,62.06000137,62.22000122,60.81000137,60.90000153,2584400,5.33,1.0767,13.23,0.09,5.33,2315.19995117,78.37999725
2024-05-08,60.25999832,60.47999954,59.36000061,59.90999985,2585400,5.33,1.0755,13.0,0.09,5.33,2313.60009766,78.98999786
2024-05-09,59.90000153,60.34000015,59.81000137,60.18000031,1916600,5.33,1.0771,12.69,0.09,5.33,2332.10009766,79.26000214
2024-05-10,60.27000046,60.70999908,60.06999969,60.65999985,1761800,5.33,1.0773,12.55,0.09,5.33,2367.30004883,78.26000214
2024-05-13,60.90000153,61.75,60.54000092,60.61999893,1866700,5.33,1.0796,13.6,0.09,5.33,2336.10009766,79.12000275
2024-05-14,60.81999969,61.0,60.18999863,60.40999985,1591800,5.33,1.0818,13.42,0.09,5.33,2353.39990234,78.01999664
2024-05-15,60.47000122,61.59000015,60.47000122,61.34999847,2955400,5.33,1.086,12.45,0.09,5.33,2388.69995117,78.62999725
2024-05-16,61.34999847,62.72000122,61.34999847,62.22999954,3794700,5.33,1.0875,12.42,0.09,5.33,2380.0,79.23000336
2024-05-17,62.25,62.79000092,61.83000183,62.75999832,2359600,5.33,1.0869,11.99,0.09,5.33,2412.19995117,80.05999756
2024-05-20,62.72000122,62.90000153,62.29999924,62.45000076,1639000,5.33,1.0861,12.15,0.09,5.33,2433.89990234,79.80000305
2024-05-21,62.45000076,62.86000061,62.18999863,62.43999863,1665000,5.33,1.0855,11.86,0.09,5.33,2421.69995117,79.26000214
2024-05-22,62.40999985,62.70999908,62.18999863,62.45000076,1383300,5.33,1.0836,12.29,0.09,5.33,2389.19995117,77.56999969
2024-05-23,62.43999863,62.59000015,61.45999908,61.52000046,1586600,5.33,1.0827,12.77,0.09,5.33,2335.0,76.87000275
2024-05-24,61.63999939,62.5,61.63999939,62.22999954,1002400,5.33,1.0852,11.93,0.09,5.33,2332.5,77.72000122
2024-05-27,61.63999939,62.5,61.63999939,62.22999954,1002400,5.33,1.0852,12.36,0.09,5.33,2332.5,77.72000122
2024-05-28,62.04999924,62.04999924,60.06000137,60.20000076,1959500,5.33,1.0879,12.92,0.09,5.33,2355.19995117,79.83000183
2024-05-29,59.70999908,60.04999924,59.40000153,59.84999847,2031100,5.33,1.0811,14.28,0.09,5.33,2340.30004883,79.23000336
2024-05-30,60.0,60.15000153,58.84000015,59.04999924,2698000,5.33,1.0837,14.47,0.09,5.33,2342.89990234,77.91000366
2024-05-31,59.24000168,59.70000076,58.52999878,59.02999878,6568600,5.33,1.0846,12.92,0.09,5.33,2322.89990234,76.98999786
2024-06-01,59.24000168,59.70000076,58.52999878,59.02999878,6568600,5.33,1.0846,12.92,0.09,5.33,2322.89990234,76.98999786
2024-06-03,59.29999924,59.33000183,58.29999924,58.74000168,2599100,5.33,1.089,13.11,0.09,5.33,2346.60009766,74.22000122
2024-06-04,58.74000168,59.49000168,58.74000168,59.43000031,2495400,5.33,1.0878,13.16,0.09,5.33,2325.5,73.25
2024-06-05,59.61999893,59.88000107,58.84000015,59.70999908,1627900,5.33,1.0865,12.63,0.09,5.33,2354.10009766,74.06999969
2024-06-06,59.56999969,59.79000092,59.16999817,59.25999832,1779200,5.33,1.0883,12.58,0.09,5.33,2370.30004883,75.55000305
2024-06-07,58.93000031,59.34000015,58.59999847,58.77999878,2821300,5.33,1.0807,12.22,0.09,5.33,2305.19995117,75.52999878
2024-06-10,58.47999954,59.63000107,58.27999878,59.29999924,1909100,5.33,1.0751,12.74,0.09,5.33,2307.69995117,77.73999786
2024-06-11,58.97000122,59.15999985,58.63000107,59.02000046,1620100,5.33,1.0733,12.85,0.09,5.33,2307.5,77.90000153
2024-06-12,59.68999863,59.79000092,59.13000107,59.54999924,2324800,5.33,1.0843,12.04,0.09,5.33,2336.0,78.5
2024-06-13,59.56000137,59.70000076,58.99000168,59.20000076,2195300,5.33,1.0756,11.94,0.09,5.33,2300.19995117,78.62000275
2024-06-14,58.77000046,58.90000153,58.43999863,58.59999847,2475800,5.33,1.0699,12.66,0.09,5.33,2331.39990234,78.44999695
2024-06-17,58.45000076,59.08000183,58.27999878,58.63000107,1742000,5.33,1.0723,12.75,0.09,5.33,2312.39990234,80.33000183
2024-06-18,58.58000183,59.25999832,58.33000183,58.99000168,1795300,5.33,1.0739,12.3,0.09,5.33,2330.39990234,81.56999969
2024-06-19,58.58000183,59.25999832,58.33000183,58.99000168,1795300,5.33,1.0739,12.48,0.09,5.33,2330.39990234,81.56999969
2024-06-20,59.09999847,59.29999924,58.34999847,59.22999954,2418600,5.33,1.0708,13.28,0.09,5.33,2353.80004883,82.16999817
2024-06-21,59.20000076,60.33000183,58.75999832,60.25,3096100,5.33,1.0694,13.2,0.09,5.33,2316.39990234,80.73000336
2024-06-24,60.27999878,61.09999847,60.08000183,60.09999847,2084300,5.33,1.0727,13.33,0.09,5.33,2330.0,81.62999725
2024-06-25,60.08000183,60.16999817,59.68000031,59.90999985,1329800,5.33,1.0705,12.84,0.09,5.33,2316.60009766,80.83000183
2024-06-26,59.5,60.11000061,59.43999863,59.75999832,1420400,5.33,1.0682,12.55,0.09,5.33,2299.19995117,80.90000153
2024-06-27,59.72999954,60.56999969,59.47000122,60.18000031,1973100,5.33,1.0708,12.24,0.09,5.33,2324.5,81.73999786
2024-06-28,60.41999817,60.56999969,59.70000076,60.25999832,4045700,5.33,1.0711,12.44,0.09,5.33,2327.69995117,81.54000092
2024-07-01,60.38000107,60.56999969,59.45999908,59.47999954,2074000,5.33,1.0728,12.22,0.09,5.33,2327.60009766,83.37999725
2024-07-02,59.68999863,60.34000015,59.54999924,59.95999908,1842100,5.33,1.0737,12.03,0.09,5.33,2323.0,82.80999756
2024-07-03,60.15000153,60.59999847,60.08000183,60.13999939,1162100,5.33,1.0799,12.09,0.09,5.33,2359.80004883,83.87999725
2024-07-04,60.15000153,60.59999847,60.08000183,60.13999939,1162100,5.33,1.0799,12.26,0.09,5.33,2359.80004883,83.87999725
2024-07-05,60.11999893,60.45000076,59.95000076,60.38000107,825800,5.33,1.0828,12.48,0.09,5.33,2388.5,83.16000366
2024-07-08,60.40000153,60.86000061,60.27000046,60.43999863,1097700,5.33,1.0835,12.37,0.09,5.33,2355.19995117,82.33000183
2024-07-09,60.70000076,61.02999878,60.45999908,60.81000137,1502500,5.33,1.0813,12.51,0.09,5.33,2360.10009766,81.41000366
2024-07-10,61.0,61.65999985,60.77000046,61.63000107,1631700,5.33,1.0823,12.85,0.09,5.33,2372.19995117,82.09999847
2024-07-11,62.20999908,62.70999908,62.0,62.20000076,2502900,5.33,1.087,12.92,0.09,5.33,2415.0,82.62000275
2024-07-12,62.40999985,63.11999893,62.13999939,62.70000076,2121700,5.33,1.0902,12.46,0.09,5.33,2414.0,82.20999908
2024-07-15,62.79999924,63.20999908,62.59999847,63.0,2339700,5.33,1.0912,13.12,0.09,5.33,2422.89990234,81.91000366
2024-07-16,63.20000076,63.61000061,63.13999939,63.29999924,1829300,5.33,1.0885,13.19,0.09,5.33,2462.39990234,80.76000214
2024-07-17,62.95000076,63.59999847,62.86999893,63.49000168,2728900,5.33,1.0933,14.48,0.09,5.33,2454.80004883,82.84999847
2024-07-18,63.43999863,63.50999832,62.40999985,62.47999954,1895100,5.33,1.0913,15.93,0.09,5.33,2451.80004883,82.81999969
2024-07-19,62.97999954,63.02000046,62.20999908,62.50999832,1506200,5.33,1.0888,16.52,0.09,5.33,2395.5,80.12999725
2024-07-22,63.09999847,63.25,62.56000137,63.02999878,1833200,5.33,1.088,14.91,0.09,5.33,2392.0,79.77999878
2024-07-23,63.38000107,63.45000076,62.84000015,63.13000107,2275100,5.33,1.0855,14.72,0.09,5.33,2404.60009766,76.95999908
2024-07-24,63.36000061,63.38999939,62.43000031,62.72999954,2988900,5.33,1.0853,18.04,0.09,5.33,2413.30004883,77.58999634
2024-07-25,65.0,67.76999664,64.72000122,67.26000214,7139200,5.33,1.0861,18.46,0.09,5.33,2351.89990234,78.27999878
2024-07-26,67.59999847,67.66000366,66.26000214,66.95999908,3629900,5.33,1.0859,16.39,0.09,5.33,2380.0,77.16000366
2024-07-29,66.94999695,68.40000153,66.80000305,67.91999817,16151800,5.33,1.0819,16.6,0.09,5.33,2377.30004883,75.80999756
2024-07-30,68.33000183,70.01000214,68.26000214,69.15000153,14987600,5.33,1.0809,17.69,0.09,5.33,2405.0,74.73000336
2024-07-31,69.12999725,69.44999695,67.63999939,67.68000031,6389400,5.33,1.0823,16.36,0.09,5.33,2426.5,77.91000366
2024-08-01,67.83000183,68.52999878,67.01999664,67.31999969,3931200,5.33,1.0789,18.59,0.09,5.33,2435.0,76.30999756
2024-08-02,66.62999725,67.31999969,66.23999786,66.86000061,3770300,5.33,1.0914,23.39,0.09,5.33,2425.69995117,73.51999664
2024-08-05,65.73000336,66.29000092,64.33000183,64.40000153,3940700,5.33,1.0957,38.57,0.09,5.33,2401.69995117,72.94000244
2024-08-06,65.29000092,66.93000031,64.97000122,66.19000244,3715500,5.33,1.0926,27.71,0.09,5.33,2389.10009766,73.19999695
2024-08-07,66.61000061,67.59999847,66.44999695,66.80000305,2834900,5.33,1.0925,27.85,0.09,5.33,2390.5,75.23000336
2024-08-08,67.02999878,68.09999847,66.76000214,68.04000092,3027900,5.33,1.0914,23.79,0.09,5.33,2422.19995117,76.19000244
2024-08-09,68.05000305,68.16999817,67.44999695,68.08999634,1651700,5.33,1.0925,20.37,0.09,5.33,2432.10009766,76.83999634
2024-08-12,68.08999634,68.41000366,67.61000061,67.98000336,1661900,5.33,1.0928,20.71,0.09,5.33,2462.39990234,80.05999756
2024-08-13,68.30000305,68.97000122,67.95999908,68.91999817,2004900,5.33,1.0954,18.12,0.09,5.33,2466.69995117,78.34999847
2024-08-14,69.0,69.5,68.83000183,69.30000305,2103600,5.33,1.1024,16.19,0.09,5.33,2439.39990234,76.98000336
2024-08-15,69.62999725,69.97000122,69.09999847,69.77999878,2533600,5.33,1.0986,15.23,0.09,5.33,2453.10009766,78.16000366
2024-08-16,69.77999878,69.83999634,69.27999878,69.83000183,1802700,5.33,1.0996,14.8,0.09,5.33,2498.60009766,76.65000153
2024-08-19,69.62999725,70.08000183,69.62999725,69.97000122,1848700,5.33,1.107,14.65,0.09,5.33,2501.80004883,74.37000275
2024-08-20,70.06999969,70.19000244,69.59999847,70.08999634,2020700,5.33,1.1106,15.88,0.09,5.33,2511.30004883,74.04000092
2024-08-21,69.98999786,70.48000336,69.91000366,70.23999786,1530600,5.33,1.1143,16.27,0.09,5.33,2508.39990234,71.93000031
2024-08-22,70.06999969,70.63999939,70.06999969,70.62999725,1750100,5.33,1.1114,17.55,0.09,5.33,2478.89990234,73.01000214
2024-08-23,70.83999634,70.98000336,69.70999908,70.34999847,1343200,5.33,1.1176,15.86,0.09,5.33,2508.39990234,74.83000183
2024-08-26,70.56999969,70.80000305,70.25,70.58999634,1301300,5.33,1.1164,16.15,0.09,5.33,2517.69995117,77.41999817
2024-08-27,70.52999878,71.16000366,70.48999786,71.05000305,1516000,5.33,1.116,15.43,0.09,5.33,2516.0,75.52999878
2024-08-28,70.98999786,71.33000183,70.72000122,70.94999695,1457900,5.33,1.1127,17.11,0.09,5.33,2501.0,74.51999664
2024-08-29,71.20999908,71.75,70.97000122,71.19000244,1776000,5.33,1.1086,15.65,0.09,5.33,2525.69995117,75.91000366
2024-08-30,71.51999664,72.13999939,71.13999939,72.08000183,3073700,5.33,1.106,15.0,0.09,5.33,2493.80004883,73.55000305
2024-09-01,71.51999664,72.13999939,71.13999939,72.08000183,3073700,5.13,1.106,15.0,0.09,5.33,2493.80004883,73.55000305
2024-09-02,71.51999664,72.13999939,71.13999939,72.08000183,3073700,5.13,1.106,15.55,0.09,5.33,2493.80004883,73.55000305
2024-09-03,71.66000366,71.91000366,71.02999878,71.38999939,2267400,5.13,1.1043,20.72,0.09,5.33,2489.89990234,70.33999634
2024-09-04,73.13999939,74.16999817,72.91000366,73.48000336,3295800,5.13,1.1081,21.32,0.09,5.33,2493.39990234,69.19999695
2024-09-05,73.5,73.73999786,72.66000366,73.40000153,2167600,5.13,1.1096,19.9,0.09,5.33,2511.39990234,69.15000153
2024-09-06,73.26999664,73.65000153,71.23999786,71.94999695,3970500,5.13,1.1086,22.38,0.09,5.33,2493.5,67.66999817
2024-09-09,72.30999756,72.54000092,71.43000031,71.65000153,2977400,5.13,1.1042,19.45,0.09,5.33,2501.80004883,68.70999908
2024-09-10,71.73999786,72.20999908,71.11000061,71.75,2672000,5.13,1.1025,19.08,0.09,5.33,2512.30004883,65.75
2024-09-11,71.45999908,72.19000244,70.12000275,72.08000183,2115900,5.13,1.1012,17.69,0.09,5.33,2512.10009766,67.30999756
2024-09-12,72.25,72.68000031,71.73999786,72.56999969,2852600,5.13,1.1041,17.07,0.09,5.33,2551.19995117,68.97000122
2024-09-13,72.41999817,73.04000092,72.23000336,73.0,1900400,5.13,1.1085,16.56,0.09,5.33,2581.30004883,68.65000153
2024-09-16,73.29000092,73.69000244,73.02999878,73.30000305,2260800,5.13,1.1123,17.14,0.09,5.33,2580.39990234,70.08999634
2024-09-17,73.23000336,73.55000305,72.02999878,72.69999695,2578800,5.13,1.1118,17.61,0.09,5.33,2564.30004883,71.19000244
2024-09-18,72.65000153,73.62999725,72.30999756,72.90000153,2330200,5.13,1.1116,18.23,0.09,5.33,2570.69995117,70.91000366
2024-09-19,73.77999878,74.36000061,73.25,74.29000092,3060800,5.13,1.1147,16.33,0.09,4.83,2588.0,71.94999695
2024-09-20,74.16000366,74.68000031,73.5,74.29000092,4654400,5.13,1.1159,16.15,0.09,4.83,2619.89990234,71.91999817
2024-09-23,74.70999908,74.87999725,73.88999939,74.01000214,2546000,5.13,1.113,15.89,0.09,4.83,2626.5,70.37000275
2024-09-24,73.87000275,73.87000275,73.13999939,73.66999817,2408200,5.13,1.115,15.39,0.09,4.83,2651.19995117,71.55999756
2024-09-25,73.66999817,73.94000244,72.68000031,73.04000092,3428900,5.13,1.1143,15.41,0.09,4.83,2659.19995117,69.69000244
2024-09-26,72.68000031,73.48000336,72.30999756,72.55999756,3145200,5.13,1.1184,15.37,0.09,4.83,2669.89990234,67.66999817
2024-09-27,72.83999634,73.09999847,72.33000183,72.59999847,2766100,5.13,1.1159,16.96,0.09,4.83,2644.30004883,68.18000031
2024-09-30,72.29000092,73.12000275,72.15000153,73.01000214,3368200,5.13,1.1145,16.73,0.09,4.83,2636.10009766,68.16999817
2024-10-01,73.19999695,73.40000153,72.41999817,73.05000305,3837100,5.13,1.1067,19.26,0.09,4.83,2667.30004883,69.83000183
2024-10-02,73.12999725,73.12999725,72.55999756,72.98999786,1817000,5.13,1.105,18.9,0.09,4.83,2647.10009766,70.09999847
2024-10-03,72.83999634,73.08999634,72.37999725,72.91999817,2602500,5.13,1.1015,20.49,0.09,4.83,2657.10009766,73.70999908
2024-10-04,73.40000153,73.40000153,71.80999756,72.12000275,2519000,5.13,1.0961,19.21,0.09,4.83,2645.80004883,74.37999725
2024-10-07,72.11000061,72.15000153,70.61000061,70.87000275,4187600,5.13,1.0976,22.64,0.09,4.83,2644.80004883,77.13999939
2024-10-08,71.94999695,72.58999634,71.81999969,72.19000244,3136000,5.13,1.097,21.42,0.09,4.83,2615.0,73.56999969
2024-10-09,72.33000183,72.76999664,72.01000214,72.47000122,2144500,5.13,1.0951,20.86,0.09,4.83,2606.0,73.23999786
2024-10-10,72.40000153,72.68000031,71.56999969,71.83999634,2919100,5.13,1.0925,20.93,0.09,4.83,2620.60009766,75.84999847
2024-10-11,72.26999664,72.41000366,71.37999725,71.62000275,2297000,5.13,1.0942,20.46,0.09,4.83,2657.60009766,75.55999756
2024-10-14,72.05999756,72.84999847,72.0,72.56999969,2933100,5.13,1.0942,19.7,0.09,4.83,2647.80004883,73.83000183
2024-10-15,72.79000092,73.59999847,72.73000336,73.02999878,1911300,5.13,1.0899,20.64,0.09,4.83,2661.39990234,70.58000183
2024-10-16,73.12000275,73.98999786,72.61000061,73.76000214,3082100,5.13,1.0873,19.58,0.09,4.83,2674.0,70.38999939
2024-10-17,74.23000336,74.52999878,74.01999664,74.13999939,2503300,5.13,1.0837,19.11,0.09,4.83,2691.0,70.66999817
2024-10-18,74.33000183,74.93000031,73.84999847,74.91000366,2145700,5.13,1.0854,18.03,0.09,4.83,2713.69995117,69.22000122
2024-10-21,74.69999695,74.87000275,74.05000305,74.30000305,1902500,5.13,1.0854,18.37,0.09,4.83,2723.10009766,70.55999756
2024-10-22,73.73000336,74.45999908,73.52999878,74.29000092,2365000,5.13,1.0854,18.2,0.09,4.83,2744.19995117,72.08999634
2024-10-23,73.98000336,74.48999786,73.66999817,73.91000366,2513600,5.13,1.0854,19.24,0.09,4.83,2714.39990234,70.76999664
2024-10-24,73.23999786,75.58000183,72.80000305,75.23999786,4038400,5.13,1.0854,19.08,0.09,4.83,2734.89990234,70.19000244
2024-10-25,75.59999847,75.68000031,74.02999878,74.69000244,2230100,5.13,1.0854,19.08,0.09,4.83,2760.80004883,71.69000244
